mc	mn	quarterbeats	quarterbeats_all_endings	duration_qb	volta	mc_onset	mn_onset	event	timesig	staff	voice	duration	gracenote	nominal_duration	scalar	chord_id	lyrics_1	lyrics_2	dynamics	articulation	staff_text	tempo	qpm	metronome_base	metronome_number	tempo_visible	slur	diminuendo_line	crescendo_hairpin	crescendo_line
1	1	0	0	0.0		0	0	Tempo	4/4	1	1	0										Lebhaft	144.0			1.0				
1	1	0	0	0.0		0	0	Tempo	4/4	1	1	0										ùÖü=92	92.0	ùÖü	92.0	0.0				
1	1	0	0	0.0		0	0	Dynamic	4/4	2	1	0							p											
1	1	2	2	0.5		1/2	1/2	Chord	4/4	2	1	1/8		1/8	1	0														
1	1	3	3	0.5		3/4	3/4	Chord	4/4	2	1	1/8		1/8	1	1														
1	1	0	0	0.16666666666666666		0	0	Chord	4/4	3	1	1/24		1/16	2/3	2											0			
1	1	1/6	1/6	0.16666666666666666		1/24	1/24	Chord	4/4	3	1	1/24		1/16	2/3	3											0			
1	1	1/3	1/3	0.16666666666666666		1/12	1/12	Chord	4/4	3	1	1/24		1/16	2/3	4											0			
1	1	1/2	1/2	0.16666666666666666		1/8	1/8	Chord	4/4	3	1	1/24		1/16	2/3	5											0			
1	1	2/3	2/3	0.16666666666666666		1/6	1/6	Chord	4/4	3	1	1/24		1/16	2/3	6											0			
1	1	5/6	5/6	0.16666666666666666		5/24	5/24	Chord	4/4	3	1	1/24		1/16	2/3	7											0			
1	1	1	1	0.16666666666666666		1/4	1/4	Chord	4/4	3	1	1/24		1/16	2/3	8											0			
1	1	7/6	7/6	0.16666666666666666		7/24	7/24	Chord	4/4	3	1	1/24		1/16	2/3	9											0			
1	1	4/3	4/3	0.16666666666666666		1/3	1/3	Chord	4/4	3	1	1/24		1/16	2/3	10											0			
1	1	3/2	3/2	0.16666666666666666		3/8	3/8	Chord	4/4	3	1	1/24		1/16	2/3	11											0			
1	1	5/3	5/3	0.16666666666666666		5/12	5/12	Chord	4/4	3	1	1/24		1/16	2/3	12											0			
1	1	11/6	11/6	0.16666666666666666		11/24	11/24	Chord	4/4	3	1	1/24		1/16	2/3	13											0			
1	1	3	3	0.5		3/4	3/4	Chord	4/4	3	1	1/8		1/8	1	14														
2	2	4	4	1.5		0	0	Chord	4/4	2	1	3/8		1/4	3/2	15														
2	2	6	6	0.5		1/2	1/2	Chord	4/4	2	1	1/8		1/8	1	16														
2	2	7	7	0.5		3/4	3/4	Chord	4/4	2	1	1/8		1/8	1	17														
2	2	4	4	0.16666666666666666		0	0	Chord	4/4	3	1	1/24		1/16	2/3	18											1			
2	2	25/6	25/6	0.16666666666666666		1/24	1/24	Chord	4/4	3	1	1/24		1/16	2/3	19											1			
2	2	13/3	13/3	0.16666666666666666		1/12	1/12	Chord	4/4	3	1	1/24		1/16	2/3	20											1			
2	2	9/2	9/2	0.16666666666666666		1/8	1/8	Chord	4/4	3	1	1/24		1/16	2/3	21											1			
2	2	14/3	14/3	0.16666666666666666		1/6	1/6	Chord	4/4	3	1	1/24		1/16	2/3	22											1			
2	2	29/6	29/6	0.16666666666666666		5/24	5/24	Chord	4/4	3	1	1/24		1/16	2/3	23											1			
2	2	5	5	0.16666666666666666		1/4	1/4	Chord	4/4	3	1	1/24		1/16	2/3	24											1			
2	2	31/6	31/6	0.16666666666666666		7/24	7/24	Chord	4/4	3	1	1/24		1/16	2/3	25											1			
2	2	16/3	16/3	0.16666666666666666		1/3	1/3	Chord	4/4	3	1	1/24		1/16	2/3	26											1			
2	2	11/2	11/2	0.16666666666666666		3/8	3/8	Chord	4/4	3	1	1/24		1/16	2/3	27											1			
2	2	17/3	17/3	0.16666666666666666		5/12	5/12	Chord	4/4	3	1	1/24		1/16	2/3	28											1			
2	2	35/6	35/6	0.16666666666666666		11/24	11/24	Chord	4/4	3	1	1/24		1/16	2/3	29											1			
2	2	7	7	0.5		3/4	3/4	Chord	4/4	3	1	1/8		1/8	1	30														
3	3	10	10	0.5		1/2	1/2	Chord	4/4	2	1	1/8		1/8	1	31														
3	3	11	11	0.5		3/4	3/4	Chord	4/4	2	1	1/8		1/8	1	32														
3	3	8	8	0.16666666666666666		0	0	Chord	4/4	3	1	1/24		1/16	2/3	33											2			
3	3	49/6	49/6	0.16666666666666666		1/24	1/24	Chord	4/4	3	1	1/24		1/16	2/3	34											2			
3	3	25/3	25/3	0.16666666666666666		1/12	1/12	Chord	4/4	3	1	1/24		1/16	2/3	35											2			
3	3	17/2	17/2	0.16666666666666666		1/8	1/8	Chord	4/4	3	1	1/24		1/16	2/3	36											2			
3	3	26/3	26/3	0.16666666666666666		1/6	1/6	Chord	4/4	3	1	1/24		1/16	2/3	37											2			
3	3	53/6	53/6	0.16666666666666666		5/24	5/24	Chord	4/4	3	1	1/24		1/16	2/3	38											2			
3	3	9	9	0.16666666666666666		1/4	1/4	Chord	4/4	3	1	1/24		1/16	2/3	39											2			
3	3	55/6	55/6	0.16666666666666666		7/24	7/24	Chord	4/4	3	1	1/24		1/16	2/3	40											2			
3	3	28/3	28/3	0.16666666666666666		1/3	1/3	Chord	4/4	3	1	1/24		1/16	2/3	41											2			
3	3	19/2	19/2	0.16666666666666666		3/8	3/8	Chord	4/4	3	1	1/24		1/16	2/3	42											2			
3	3	29/3	29/3	0.16666666666666666		5/12	5/12	Chord	4/4	3	1	1/24		1/16	2/3	43											2			
3	3	59/6	59/6	0.16666666666666666		11/24	11/24	Chord	4/4	3	1	1/24		1/16	2/3	44											2			
3	3	11	11	0.5		3/4	3/4	Chord	4/4	3	1	1/8		1/8	1	45														
4	4	12	12	1.5		0	0	Chord	4/4	2	1	3/8		1/4	3/2	46														
4	4	14	14	0.5		1/2	1/2	Chord	4/4	2	1	1/8		1/8	1	47														
4	4	15	15	0.5		3/4	3/4	Chord	4/4	2	1	1/8		1/8	1	48														
4	4	12	12	0.16666666666666666		0	0	Chord	4/4	3	1	1/24		1/16	2/3	49											3			
4	4	73/6	73/6	0.16666666666666666		1/24	1/24	Chord	4/4	3	1	1/24		1/16	2/3	50											3			
4	4	37/3	37/3	0.16666666666666666		1/12	1/12	Chord	4/4	3	1	1/24		1/16	2/3	51											3			
4	4	25/2	25/2	0.16666666666666666		1/8	1/8	Chord	4/4	3	1	1/24		1/16	2/3	52											3			
4	4	38/3	38/3	0.16666666666666666		1/6	1/6	Chord	4/4	3	1	1/24		1/16	2/3	53											3			
4	4	77/6	77/6	0.16666666666666666		5/24	5/24	Chord	4/4	3	1	1/24		1/16	2/3	54											3			
4	4	13	13	0.16666666666666666		1/4	1/4	Chord	4/4	3	1	1/24		1/16	2/3	55											3			
4	4	79/6	79/6	0.16666666666666666		7/24	7/24	Chord	4/4	3	1	1/24		1/16	2/3	56											3			
4	4	40/3	40/3	0.16666666666666666		1/3	1/3	Chord	4/4	3	1	1/24		1/16	2/3	57											3			
4	4	27/2	27/2	0.16666666666666666		3/8	3/8	Chord	4/4	3	1	1/24		1/16	2/3	58											3			
4	4	41/3	41/3	0.16666666666666666		5/12	5/12	Chord	4/4	3	1	1/24		1/16	2/3	59											3			
4	4	83/6	83/6	0.16666666666666666		11/24	11/24	Chord	4/4	3	1	1/24		1/16	2/3	60											3			
4	4	15	15	0.5		3/4	3/4	Chord	4/4	3	1	1/8		1/8	1	61														
5	5	16	16	0.0		0	0	Chord	4/4	2	1	0	acciaccatura	1/8	1	62														
5	5	16	16	1.5		0	0	Chord	4/4	2	1	3/8		1/4	3/2	63														
5	5	18	18	0.5		1/2	1/2	Chord	4/4	2	1	1/8		1/8	1	64														
5	5	19	19	0.5		3/4	3/4	Chord	4/4	2	1	1/8		1/8	1	65														
5	5	16	16	0.16666666666666666		0	0	Chord	4/4	3	1	1/24		1/16	2/3	66											4			
5	5	97/6	97/6	0.16666666666666666		1/24	1/24	Chord	4/4	3	1	1/24		1/16	2/3	67											4			
5	5	49/3	49/3	0.16666666666666666		1/12	1/12	Chord	4/4	3	1	1/24		1/16	2/3	68											4			
5	5	33/2	33/2	0.16666666666666666		1/8	1/8	Chord	4/4	3	1	1/24		1/16	2/3	69											4			
5	5	50/3	50/3	0.16666666666666666		1/6	1/6	Chord	4/4	3	1	1/24		1/16	2/3	70											4			
5	5	101/6	101/6	0.16666666666666666		5/24	5/24	Chord	4/4	3	1	1/24		1/16	2/3	71											4			
5	5	17	17	0.16666666666666666		1/4	1/4	Chord	4/4	3	1	1/24		1/16	2/3	72											4			
5	5	103/6	103/6	0.16666666666666666		7/24	7/24	Chord	4/4	3	1	1/24		1/16	2/3	73											4			
5	5	52/3	52/3	0.16666666666666666		1/3	1/3	Chord	4/4	3	1	1/24		1/16	2/3	74											4			
5	5	35/2	35/2	0.16666666666666666		3/8	3/8	Chord	4/4	3	1	1/24		1/16	2/3	75											4			
5	5	53/3	53/3	0.16666666666666666		5/12	5/12	Chord	4/4	3	1	1/24		1/16	2/3	76											4			
5	5	107/6	107/6	0.16666666666666666		11/24	11/24	Chord	4/4	3	1	1/24		1/16	2/3	77											4			
5	5	19	19	0.5		3/4	3/4	Chord	4/4	3	1	1/8		1/8	1	78														
6	6	20	20	0.0		0	0	Chord	4/4	2	1	0	acciaccatura	1/8	1	79														
6	6	20	20	1.5		0	0	Chord	4/4	2	1	3/8		1/4	3/2	80														
6	6	22	22	0.5		1/2	1/2	Chord	4/4	2	1	1/8		1/8	1	81														
6	6	23	23	0.5		3/4	3/4	Chord	4/4	2	1	1/8		1/8	1	82														
6	6	20	20	0.16666666666666666		0	0	Chord	4/4	3	1	1/24		1/16	2/3	83											5			
6	6	121/6	121/6	0.16666666666666666		1/24	1/24	Chord	4/4	3	1	1/24		1/16	2/3	84											5			
6	6	61/3	61/3	0.16666666666666666		1/12	1/12	Chord	4/4	3	1	1/24		1/16	2/3	85											5			
6	6	41/2	41/2	0.16666666666666666		1/8	1/8	Chord	4/4	3	1	1/24		1/16	2/3	86											5			
6	6	62/3	62/3	0.16666666666666666		1/6	1/6	Chord	4/4	3	1	1/24		1/16	2/3	87											5			
6	6	125/6	125/6	0.16666666666666666		5/24	5/24	Chord	4/4	3	1	1/24		1/16	2/3	88											5			
6	6	21	21	0.16666666666666666		1/4	1/4	Chord	4/4	3	1	1/24		1/16	2/3	89											5			
6	6	127/6	127/6	0.16666666666666666		7/24	7/24	Chord	4/4	3	1	1/24		1/16	2/3	90											5			
6	6	64/3	64/3	0.16666666666666666		1/3	1/3	Chord	4/4	3	1	1/24		1/16	2/3	91											5			
6	6	43/2	43/2	0.16666666666666666		3/8	3/8	Chord	4/4	3	1	1/24		1/16	2/3	92											5			
6	6	65/3	65/3	0.16666666666666666		5/12	5/12	Chord	4/4	3	1	1/24		1/16	2/3	93											5			
6	6	131/6	131/6	0.16666666666666666		11/24	11/24	Chord	4/4	3	1	1/24		1/16	2/3	94											5			
6	6	23	23	0.5		3/4	3/4	Chord	4/4	3	1	1/8		1/8	1	95														
7	7	24	24	2.0		0	0	Chord	4/4	2	1	1/2		1/2	1	96														
7	7	26	26	2.0		1/2	1/2	Chord	4/4	2	1	1/2		1/2	1	97														
7	7	24	24	0.16666666666666666		0	0	Chord	4/4	3	1	1/24		1/16	2/3	98											6			
7	7	145/6	145/6	0.16666666666666666		1/24	1/24	Chord	4/4	3	1	1/24		1/16	2/3	99											6			
7	7	73/3	73/3	0.16666666666666666		1/12	1/12	Chord	4/4	3	1	1/24		1/16	2/3	100											6			
7	7	49/2	49/2	0.16666666666666666		1/8	1/8	Chord	4/4	3	1	1/24		1/16	2/3	101											6			
7	7	74/3	74/3	0.16666666666666666		1/6	1/6	Chord	4/4	3	1	1/24		1/16	2/3	102											6			
7	7	149/6	149/6	0.16666666666666666		5/24	5/24	Chord	4/4	3	1	1/24		1/16	2/3	103											6			
7	7	25	25	0.5		1/4	1/4	Chord	4/4	3	1	1/8		1/8	1	104														
7	7	26	26	0.16666666666666666		1/2	1/2	Chord	4/4	3	1	1/24		1/16	2/3	105											7			
7	7	157/6	157/6	0.16666666666666666		13/24	13/24	Chord	4/4	3	1	1/24		1/16	2/3	106											7			
7	7	79/3	79/3	0.16666666666666666		7/12	7/12	Chord	4/4	3	1	1/24		1/16	2/3	107											7			
7	7	53/2	53/2	0.16666666666666666		5/8	5/8	Chord	4/4	3	1	1/24		1/16	2/3	108											7			
7	7	80/3	80/3	0.16666666666666666		2/3	2/3	Chord	4/4	3	1	1/24		1/16	2/3	109											7			
7	7	161/6	161/6	0.16666666666666666		17/24	17/24	Chord	4/4	3	1	1/24		1/16	2/3	110											7			
7	7	27	27	0.5		3/4	3/4	Chord	4/4	3	1	1/8		1/8	1	111														
8	8	31	31	1.0		3/4	3/4	Chord	4/4	1	1	1/4		1/4	1	112	1.¬†An	2.¬†Ich												
8	8	28	28	0.16666666666666666		0	0	Chord	4/4	3	1	1/24		1/16	2/3	113											8			
8	8	169/6	169/6	0.16666666666666666		1/24	1/24	Chord	4/4	3	1	1/24		1/16	2/3	114											8			
8	8	85/3	85/3	0.16666666666666666		1/12	1/12	Chord	4/4	3	1	1/24		1/16	2/3	115											8			
8	8	57/2	57/2	0.16666666666666666		1/8	1/8	Chord	4/4	3	1	1/24		1/16	2/3	116											8			
8	8	86/3	86/3	0.16666666666666666		1/6	1/6	Chord	4/4	3	1	1/24		1/16	2/3	117											8			
8	8	173/6	173/6	0.16666666666666666		5/24	5/24	Chord	4/4	3	1	1/24		1/16	2/3	118														
8	8	29	29	0.16666666666666666		1/4	1/4	Chord	4/4	3	1	1/24		1/16	2/3	119											9			
8	8	175/6	175/6	0.16666666666666666		7/24	7/24	Chord	4/4	3	1	1/24		1/16	2/3	120											9			
8	8	88/3	88/3	0.16666666666666666		1/3	1/3	Chord	4/4	3	1	1/24		1/16	2/3	121											9			
8	8	59/2	59/2	0.16666666666666666		3/8	3/8	Chord	4/4	3	1	1/24		1/16	2/3	122											9			
8	8	89/3	89/3	0.16666666666666666		5/12	5/12	Chord	4/4	3	1	1/24		1/16	2/3	123											9			
8	8	179/6	179/6	0.16666666666666666		11/24	11/24	Chord	4/4	3	1	1/24		1/16	2/3	124														
8	8	30	30	0.16666666666666666		1/2	1/2	Chord	4/4	3	1	1/24		1/16	2/3	125											10			
8	8	181/6	181/6	0.16666666666666666		13/24	13/24	Chord	4/4	3	1	1/24		1/16	2/3	126											10			
8	8	91/3	91/3	0.16666666666666666		7/12	7/12	Chord	4/4	3	1	1/24		1/16	2/3	127											10			
8	8	61/2	61/2	0.16666666666666666		5/8	5/8	Chord	4/4	3	1	1/24		1/16	2/3	128											10			
8	8	92/3	92/3	0.16666666666666666		2/3	2/3	Chord	4/4	3	1	1/24		1/16	2/3	129											10			
8	8	185/6	185/6	0.16666666666666666		17/24	17/24	Chord	4/4	3	1	1/24		1/16	2/3	130														
8	8	31	31	0.16666666666666666		3/4	3/4	Chord	4/4	3	1	1/24		1/16	2/3	131											11			
8	8	187/6	187/6	0.16666666666666666		19/24	19/24	Chord	4/4	3	1	1/24		1/16	2/3	132											11			
8	8	94/3	94/3	0.16666666666666666		5/6	5/6	Chord	4/4	3	1	1/24		1/16	2/3	133											11			
8	8	63/2	63/2	0.16666666666666666		7/8	7/8	Chord	4/4	3	1	1/24		1/16	2/3	134											11			
8	8	95/3	95/3	0.16666666666666666		11/12	11/12	Chord	4/4	3	1	1/24		1/16	2/3	135											11			
8	8	191/6	191/6	0.16666666666666666		23/24	23/24	Chord	4/4	3	1	1/24		1/16	2/3	136														
9	9	32	32	1.5		0	0	Chord	4/4	1	1	3/8		1/4	3/2	137	ei-	will												
9	9	67/2	67/2	0.5		3/8	3/8	Chord	4/4	1	1	1/8		1/8	1	138	-nem	ja												
9	9	34	34	1.0		1/2	1/2	Chord	4/4	1	1	1/4		1/4	1	139	lich-	nichts												
9	9	35	35	1.0		3/4	3/4	Chord	4/4	1	1	1/4		1/4	1	140	-ten	ver-												
9	9	34	34	0.5		1/2	1/2	Chord	4/4	2	1	1/8		1/8	1	141														
9	9	35	35	0.5		3/4	3/4	Chord	4/4	2	1	1/8		1/8	1	142														
9	9	32	32	0.16666666666666666		0	0	Chord	4/4	3	1	1/24		1/16	2/3	143											12			
9	9	193/6	193/6	0.16666666666666666		1/24	1/24	Chord	4/4	3	1	1/24		1/16	2/3	144											12			
9	9	97/3	97/3	0.16666666666666666		1/12	1/12	Chord	4/4	3	1	1/24		1/16	2/3	145											12			
9	9	65/2	65/2	0.16666666666666666		1/8	1/8	Chord	4/4	3	1	1/24		1/16	2/3	146											12			
9	9	98/3	98/3	0.16666666666666666		1/6	1/6	Chord	4/4	3	1	1/24		1/16	2/3	147											12			
9	9	197/6	197/6	0.16666666666666666		5/24	5/24	Chord	4/4	3	1	1/24		1/16	2/3	148											12			
9	9	33	33	0.16666666666666666		1/4	1/4	Chord	4/4	3	1	1/24		1/16	2/3	149											12			
9	9	199/6	199/6	0.16666666666666666		7/24	7/24	Chord	4/4	3	1	1/24		1/16	2/3	150											12			
9	9	100/3	100/3	0.16666666666666666		1/3	1/3	Chord	4/4	3	1	1/24		1/16	2/3	151											12			
9	9	67/2	67/2	0.16666666666666666		3/8	3/8	Chord	4/4	3	1	1/24		1/16	2/3	152											12			
9	9	101/3	101/3	0.16666666666666666		5/12	5/12	Chord	4/4	3	1	1/24		1/16	2/3	153											12			
9	9	203/6	203/6	0.16666666666666666		11/24	11/24	Chord	4/4	3	1	1/24		1/16	2/3	154											12			
9	9	34	34	0.5		1/2	1/2	Chord	4/4	3	1	1/8		1/8	1	155														
9	9	35	35	0.5		3/4	3/4	Chord	4/4	3	1	1/8		1/8	1	156														
10	10	36	36	2.0		0	0	Chord	4/4	1	1	1/2		1/2	1	157	Mor-	-lan-												
10	10	38	38	1.0		1/2	1/2	Chord	4/4	1	1	1/4		1/4	1	158	-gen	-gen												
10	10	39	39	1.0		3/4	3/4	Chord	4/4	1	1	1/4		1/4	1	159	da	als												
10	10	38	38	0.5		1/2	1/2	Chord	4/4	2	1	1/8		1/8	1	160														
10	10	39	39	0.5		3/4	3/4	Chord	4/4	2	1	1/8		1/8	1	161														
10	10	36	36	0.16666666666666666		0	0	Chord	4/4	3	1	1/24		1/16	2/3	162											13			
10	10	217/6	217/6	0.16666666666666666		1/24	1/24	Chord	4/4	3	1	1/24		1/16	2/3	163											13			
10	10	109/3	109/3	0.16666666666666666		1/12	1/12	Chord	4/4	3	1	1/24		1/16	2/3	164											13			
10	10	73/2	73/2	0.16666666666666666		1/8	1/8	Chord	4/4	3	1	1/24		1/16	2/3	165											13			
10	10	110/3	110/3	0.16666666666666666		1/6	1/6	Chord	4/4	3	1	1/24		1/16	2/3	166											13			
10	10	221/6	221/6	0.16666666666666666		5/24	5/24	Chord	4/4	3	1	1/24		1/16	2/3	167											13			
10	10	37	37	0.16666666666666666		1/4	1/4	Chord	4/4	3	1	1/24		1/16	2/3	168											13			
10	10	223/6	223/6	0.16666666666666666		7/24	7/24	Chord	4/4	3	1	1/24		1/16	2/3	169											13			
10	10	112/3	112/3	0.16666666666666666		1/3	1/3	Chord	4/4	3	1	1/24		1/16	2/3	170											13			
10	10	75/2	75/2	0.16666666666666666		3/8	3/8	Chord	4/4	3	1	1/24		1/16	2/3	171											13			
10	10	113/3	113/3	0.16666666666666666		5/12	5/12	Chord	4/4	3	1	1/24		1/16	2/3	172											13			
10	10	227/6	227/6	0.16666666666666666		11/24	11/24	Chord	4/4	3	1	1/24		1/16	2/3	173											13			
10	10	38	38	0.5		1/2	1/2	Chord	4/4	3	1	1/8		1/8	1	174														
10	10	39	39	0.5		3/4	3/4	Chord	4/4	3	1	1/8		1/8	1	175														
11	11	40	40	1.5		0	0	Chord	4/4	1	1	3/8		1/4	3/2	176	klingt	lie-												
11	11	83/2	83/2	0.5		3/8	3/8	Chord	4/4	1	1	1/8		1/8	1	177	es	-gen												
11	11	42	42	1.0		1/2	1/2	Chord	4/4	1	1	1/4		1/4	1	178	hell	dir												
11	11	43	43	1.0		3/4	3/4	Chord	4/4	1	1	1/4		1/4	1	179	im	im												
11	11	42	42	0.5		1/2	1/2	Chord	4/4	2	1	1/8		1/8	1	180														
11	11	43	43	0.5		3/4	3/4	Chord	4/4	2	1	1/8		1/8	1	181														
11	11	40	40	0.16666666666666666		0	0	Chord	4/4	3	1	1/24		1/16	2/3	182											14			
11	11	241/6	241/6	0.16666666666666666		1/24	1/24	Chord	4/4	3	1	1/24		1/16	2/3	183											14			
11	11	121/3	121/3	0.16666666666666666		1/12	1/12	Chord	4/4	3	1	1/24		1/16	2/3	184											14			
11	11	81/2	81/2	0.16666666666666666		1/8	1/8	Chord	4/4	3	1	1/24		1/16	2/3	185											14			
11	11	122/3	122/3	0.16666666666666666		1/6	1/6	Chord	4/4	3	1	1/24		1/16	2/3	186											14			
11	11	245/6	245/6	0.16666666666666666		5/24	5/24	Chord	4/4	3	1	1/24		1/16	2/3	187														
11	11	41	41	0.16666666666666666		1/4	1/4	Chord	4/4	3	1	1/24		1/16	2/3	188											15			
11	11	247/6	247/6	0.16666666666666666		7/24	7/24	Chord	4/4	3	1	1/24		1/16	2/3	189											15			
11	11	124/3	124/3	0.16666666666666666		1/3	1/3	Chord	4/4	3	1	1/24		1/16	2/3	190											15			
11	11	83/2	83/2	0.16666666666666666		3/8	3/8	Chord	4/4	3	1	1/24		1/16	2/3	191											15			
11	11	125/3	125/3	0.16666666666666666		5/12	5/12	Chord	4/4	3	1	1/24		1/16	2/3	192											15			
11	11	251/6	251/6	0.16666666666666666		11/24	11/24	Chord	4/4	3	1	1/24		1/16	2/3	193														
11	11	43	43	0.5		3/4	3/4	Chord	4/4	3	1	1/8		1/8	1	194														
12	12	44	44	3.0		0	0	Chord	4/4	1	1	3/4		1/2	3/2	195	Thal:	Schoos,												
12	12	46	46	0.5		1/2	1/2	Chord	4/4	2	1	1/8		1/8	1	196														
12	12	47	47	0.5		3/4	3/4	Chord	4/4	2	1	1/8		1/8	1	197														
12	12	44	44	0.16666666666666666		0	0	Chord	4/4	3	1	1/24		1/16	2/3	198											16			
12	12	265/6	265/6	0.16666666666666666		1/24	1/24	Chord	4/4	3	1	1/24		1/16	2/3	199											16			
12	12	133/3	133/3	0.16666666666666666		1/12	1/12	Chord	4/4	3	1	1/24		1/16	2/3	200											16			
12	12	89/2	89/2	0.16666666666666666		1/8	1/8	Chord	4/4	3	1	1/24		1/16	2/3	201											16			
12	12	134/3	134/3	0.16666666666666666		1/6	1/6	Chord	4/4	3	1	1/24		1/16	2/3	202											16			
12	12	269/6	269/6	0.16666666666666666		5/24	5/24	Chord	4/4	3	1	1/24		1/16	2/3	203														
12	12	45	45	0.16666666666666666		1/4	1/4	Chord	4/4	3	1	1/24		1/16	2/3	204											17			
12	12	271/6	271/6	0.16666666666666666		7/24	7/24	Chord	4/4	3	1	1/24		1/16	2/3	205											17			
12	12	136/3	136/3	0.16666666666666666		1/3	1/3	Chord	4/4	3	1	1/24		1/16	2/3	206											17			
12	12	91/2	91/2	0.16666666666666666		3/8	3/8	Chord	4/4	3	1	1/24		1/16	2/3	207											17			
12	12	137/3	137/3	0.16666666666666666		5/12	5/12	Chord	4/4	3	1	1/24		1/16	2/3	208											17			
12	12	275/6	275/6	0.16666666666666666		11/24	11/24	Chord	4/4	3	1	1/24		1/16	2/3	209														
12	12	47	47	1.0		3/4	3/4	Chord	4/4	3	1	1/4		1/4	1	210				articAccentAbove										
12	12	47	47	0.5		3/4	3/4	Chord	4/4	3	2	1/8		1/8	1	211														
13	13	48	48	1.0		0	0	Chord	4/4	2	1	1/4		1/4	1	212											18			
13	13	49	49	1.0		1/4	1/4	Chord	4/4	2	1	1/4		1/4	1	213											18			
13	13	50	50	1.0		1/2	1/2	Chord	4/4	2	1	1/4		1/4	1	214											18			
13	13	51	51	1.0		3/4	3/4	Chord	4/4	2	1	1/4		1/4	1	215											18			
13	13	48	48	0.125		0	0	Chord	4/4	3	1	1/32		1/32	1	216											19			
13	13	385/8	385/8	0.125		1/32	1/32	Chord	4/4	3	1	1/32		1/32	1	217											19			
13	13	193/4	193/4	0.125		1/16	1/16	Chord	4/4	3	1	1/32		1/32	1	218											19			
13	13	387/8	387/8	0.125		3/32	3/32	Chord	4/4	3	1	1/32		1/32	1	219											19			
13	13	97/2	97/2	0.125		1/8	1/8	Chord	4/4	3	1	1/32		1/32	1	220											19			
13	13	389/8	389/8	0.125		5/32	5/32	Chord	4/4	3	1	1/32		1/32	1	221											19			
13	13	195/4	195/4	0.125		3/16	3/16	Chord	4/4	3	1	1/32		1/32	1	222											19			
13	13	391/8	391/8	0.125		7/32	7/32	Chord	4/4	3	1	1/32		1/32	1	223														
13	13	50	50	0.16666666666666666		1/2	1/2	Chord	4/4	3	1	1/24		1/16	2/3	224											20			
13	13	301/6	301/6	0.16666666666666666		13/24	13/24	Chord	4/4	3	1	1/24		1/16	2/3	225											20			
13	13	151/3	151/3	0.16666666666666666		7/12	7/12	Chord	4/4	3	1	1/24		1/16	2/3	226											20			
13	13	101/2	101/2	0.16666666666666666		5/8	5/8	Chord	4/4	3	1	1/24		1/16	2/3	227											20			
13	13	152/3	152/3	0.16666666666666666		2/3	2/3	Chord	4/4	3	1	1/24		1/16	2/3	228											20			
13	13	305/6	305/6	0.16666666666666666		17/24	17/24	Chord	4/4	3	1	1/24		1/16	2/3	229														
14	14	55	55	0.0		3/4	3/4	Dynamic	4/4	1	1	0							f											
14	14	55	55	1.0		3/4	3/4	Chord	4/4	1	1	1/4		1/4	1	230	wach'	und												
14	14	52	52	1.5		0	0	Chord	4/4	2	1	3/8		1/4	3/2	231														
14	14	54	54	0.5		1/2	1/2	Chord	4/4	2	1	1/8		1/8	1	232														
14	14	55	55	0.0		3/4	3/4	Dynamic	4/4	2	1	0							mf											
14	14	55	55	0.5		3/4	3/4	Chord	4/4	2	1	1/8		1/8	1	233														
14	14	52	52	0.16666666666666666		0	0	Chord	4/4	3	1	1/24		1/16	2/3	234											21			
14	14	313/6	313/6	0.16666666666666666		1/24	1/24	Chord	4/4	3	1	1/24		1/16	2/3	235											21			
14	14	157/3	157/3	0.16666666666666666		1/12	1/12	Chord	4/4	3	1	1/24		1/16	2/3	236											21			
14	14	105/2	105/2	0.16666666666666666		1/8	1/8	Chord	4/4	3	1	1/24		1/16	2/3	237											21			
14	14	158/3	158/3	0.16666666666666666		1/6	1/6	Chord	4/4	3	1	1/24		1/16	2/3	238											21			
14	14	317/6	317/6	0.16666666666666666		5/24	5/24	Chord	4/4	3	1	1/24		1/16	2/3	239														
14	14	53	53	0.16666666666666666		1/4	1/4	Chord	4/4	3	1	1/24		1/16	2/3	240											22			
14	14	319/6	319/6	0.16666666666666666		7/24	7/24	Chord	4/4	3	1	1/24		1/16	2/3	241											22			
14	14	160/3	160/3	0.16666666666666666		1/3	1/3	Chord	4/4	3	1	1/24		1/16	2/3	242											22			
14	14	107/2	107/2	0.16666666666666666		3/8	3/8	Chord	4/4	3	1	1/24		1/16	2/3	243											22			
14	14	161/3	161/3	0.16666666666666666		5/12	5/12	Chord	4/4	3	1	1/24		1/16	2/3	244											22			
14	14	323/6	323/6	0.16666666666666666		11/24	11/24	Chord	4/4	3	1	1/24		1/16	2/3	245														
14	14	55	55	0.5		3/4	3/4	Chord	4/4	3	1	1/8		1/8	1	246														
15	15	56	56	1.0		0	0	Chord	4/4	1	1	1/4		1/4	1	247	auf	dei-												
15	15	57	57	1.0		1/4	1/4	Chord	4/4	1	1	1/4		1/4	1	248	du	-ne												
15	15	58	58	1.0		1/2	1/2	Chord	4/4	1	1	1/4		1/4	1	249	lie-	Bl√º-												
15	15	59	59	1.0		3/4	3/4	Chord	4/4	1	1	1/4		1/4	1	250	-be	-the-												
15	15	56	56	0.1		0	0	Chord	4/4	3	1	1/40		1/32	4/5	251											23			
15	15	561/10	561/10	0.1		1/40	1/40	Chord	4/4	3	1	1/40		1/32	4/5	252											23			
15	15	281/5	281/5	0.1		1/20	1/20	Chord	4/4	3	1	1/40		1/32	4/5	253											23			
15	15	563/10	563/10	0.1		3/40	3/40	Chord	4/4	3	1	1/40		1/32	4/5	254											23			
15	15	282/5	282/5	0.1		1/10	1/10	Chord	4/4	3	1	1/40		1/32	4/5	255											23			
15	15	113/2	113/2	0.1		1/8	1/8	Chord	4/4	3	1	1/40		1/32	4/5	256											23			
15	15	283/5	283/5	0.1		3/20	3/20	Chord	4/4	3	1	1/40		1/32	4/5	257											23			
15	15	567/10	567/10	0.1		7/40	7/40	Chord	4/4	3	1	1/40		1/32	4/5	258											23			
15	15	284/5	284/5	0.1		1/5	1/5	Chord	4/4	3	1	1/40		1/32	4/5	259											23			
15	15	569/10	569/10	0.1		9/40	9/40	Chord	4/4	3	1	1/40		1/32	4/5	260														
15	15	57	57	0.1		1/4	1/4	Chord	4/4	3	1	1/40		1/32	4/5	261											24			
15	15	571/10	571/10	0.1		11/40	11/40	Chord	4/4	3	1	1/40		1/32	4/5	262											24			
15	15	286/5	286/5	0.1		3/10	3/10	Chord	4/4	3	1	1/40		1/32	4/5	263											24			
15	15	573/10	573/10	0.1		13/40	13/40	Chord	4/4	3	1	1/40		1/32	4/5	264											24			
15	15	287/5	287/5	0.1		7/20	7/20	Chord	4/4	3	1	1/40		1/32	4/5	265											24			
15	15	115/2	115/2	0.1		3/8	3/8	Chord	4/4	3	1	1/40		1/32	4/5	266											24			
15	15	288/5	288/5	0.1		2/5	2/5	Chord	4/4	3	1	1/40		1/32	4/5	267											24			
15	15	577/10	577/10	0.1		17/40	17/40	Chord	4/4	3	1	1/40		1/32	4/5	268											24			
15	15	289/5	289/5	0.1		9/20	9/20	Chord	4/4	3	1	1/40		1/32	4/5	269											24			
15	15	579/10	579/10	0.1		19/40	19/40	Chord	4/4	3	1	1/40		1/32	4/5	270														
15	15	58	58	0.16666666666666666		1/2	1/2	Chord	4/4	3	1	1/24		1/16	2/3	271											25			
15	15	349/6	349/6	0.16666666666666666		13/24	13/24	Chord	4/4	3	1	1/24		1/16	2/3	272											25			
15	15	175/3	175/3	0.16666666666666666		7/12	7/12	Chord	4/4	3	1	1/24		1/16	2/3	273											25			
15	15	117/2	117/2	0.125		5/8	5/8	Chord	4/4	3	1	1/32		1/32	1	274											25			
15	15	469/8	469/8	0.125		21/32	21/32	Chord	4/4	3	1	1/32		1/32	1	275											25			
15	15	235/4	235/4	0.125		11/16	11/16	Chord	4/4	3	1	1/32		1/32	1	276											25			
15	15	471/8	471/8	0.125		23/32	23/32	Chord	4/4	3	1	1/32		1/32	1	277														
15	15	59	59	0.16666666666666666		3/4	3/4	Chord	4/4	3	1	1/24		1/16	2/3	278											26			
15	15	355/6	355/6	0.16666666666666666		19/24	19/24	Chord	4/4	3	1	1/24		1/16	2/3	279											26			
15	15	178/3	178/3	0.16666666666666666		5/6	5/6	Chord	4/4	3	1	1/24		1/16	2/3	280											26			
15	15	119/2	119/2	0.125		7/8	7/8	Chord	4/4	3	1	1/32		1/32	1	281											26			
15	15	477/8	477/8	0.125		29/32	29/32	Chord	4/4	3	1	1/32		1/32	1	282											26			
15	15	239/4	239/4	0.125		15/16	15/16	Chord	4/4	3	1	1/32		1/32	1	283											26			
15	15	479/8	479/8	0.125		31/32	31/32	Chord	4/4	3	1	1/32		1/32	1	284														
16	16	60	60	2.0		0	0	Chord	4/4	1	1	1/2		1/2	1	285	Blu-	-k√º-												
16	16	62	62	1.0		1/2	1/2	Chord	4/4	1	1	1/4		1/4	1	286	-me,	-ssen												
16	16	63	63	1.0		3/4	3/4	Chord	4/4	1	1	1/4		1/4	1	287	ich	eh'												
16	16	62	62	0.5		1/2	1/2	Chord	4/4	2	1	1/8		1/8	1	288														
16	16	63	63	0.5		3/4	3/4	Chord	4/4	2	1	1/8		1/8	1	289														
16	16	60	60	0.16666666666666666		0	0	Chord	4/4	3	1	1/24		1/16	2/3	290											27			
16	16	361/6	361/6	0.16666666666666666		1/24	1/24	Chord	4/4	3	1	1/24		1/16	2/3	291											27			
16	16	181/3	181/3	0.16666666666666666		1/12	1/12	Chord	4/4	3	1	1/24		1/16	2/3	292											27			
16	16	121/2	121/2	0.16666666666666666		1/8	1/8	Chord	4/4	3	1	1/24		1/16	2/3	293											27			
16	16	182/3	182/3	0.16666666666666666		1/6	1/6	Chord	4/4	3	1	1/24		1/16	2/3	294											27			
16	16	365/6	365/6	0.16666666666666666		5/24	5/24	Chord	4/4	3	1	1/24		1/16	2/3	295											27			
16	16	61	61	0.16666666666666666		1/4	1/4	Chord	4/4	3	1	1/24		1/16	2/3	296											27			
16	16	367/6	367/6	0.16666666666666666		7/24	7/24	Chord	4/4	3	1	1/24		1/16	2/3	297											27			
16	16	184/3	184/3	0.16666666666666666		1/3	1/3	Chord	4/4	3	1	1/24		1/16	2/3	298											27			
16	16	123/2	123/2	0.16666666666666666		3/8	3/8	Chord	4/4	3	1	1/24		1/16	2/3	299											27			
16	16	185/3	185/3	0.16666666666666666		5/12	5/12	Chord	4/4	3	1	1/24		1/16	2/3	300											27			
16	16	371/6	371/6	0.16666666666666666		11/24	11/24	Chord	4/4	3	1	1/24		1/16	2/3	301											27			
16	16	63	63	0.5		3/4	3/4	Chord	4/4	3	1	1/8		1/8	1	302														
17	17	64	64	3.0		0	0	Chord	4/4	1	1	3/4		1/2	3/2	303	bin	sie												
17	17	67	67	0.0		3/4	3/4	Spanner	4/4	1	1	0																	0	
17	17	67	67	1.0		3/4	3/4	Chord	4/4	1	1	1/4		1/4	1	304	der	ver-											0	
17	17	66	66	0.5		1/2	1/2	Chord	4/4	2	1	1/8		1/8	1	305														
17	17	67	67	0.0		3/4	3/4	Spanner	4/4	2	1	0																		0
17	17	67	67	0.5		3/4	3/4	Chord	4/4	2	1	1/8		1/8	1	306														0
17	17	64	64	0.16666666666666666		0	0	Chord	4/4	3	1	1/24		1/16	2/3	307											28			
17	17	385/6	385/6	0.16666666666666666		1/24	1/24	Chord	4/4	3	1	1/24		1/16	2/3	308											28			
17	17	193/3	193/3	0.16666666666666666		1/12	1/12	Chord	4/4	3	1	1/24		1/16	2/3	309											28			
17	17	129/2	129/2	0.16666666666666666		1/8	1/8	Chord	4/4	3	1	1/24		1/16	2/3	310											28			
17	17	194/3	194/3	0.16666666666666666		1/6	1/6	Chord	4/4	3	1	1/24		1/16	2/3	311											28			
17	17	389/6	389/6	0.16666666666666666		5/24	5/24	Chord	4/4	3	1	1/24		1/16	2/3	312											28			
17	17	65	65	0.16666666666666666		1/4	1/4	Chord	4/4	3	1	1/24		1/16	2/3	313											28			
17	17	391/6	391/6	0.16666666666666666		7/24	7/24	Chord	4/4	3	1	1/24		1/16	2/3	314											28			
17	17	196/3	196/3	0.16666666666666666		1/3	1/3	Chord	4/4	3	1	1/24		1/16	2/3	315											28			
17	17	131/2	131/2	0.16666666666666666		3/8	3/8	Chord	4/4	3	1	1/24		1/16	2/3	316											28			
17	17	197/3	197/3	0.16666666666666666		5/12	5/12	Chord	4/4	3	1	1/24		1/16	2/3	317											28			
17	17	395/6	395/6	0.16666666666666666		11/24	11/24	Chord	4/4	3	1	1/24		1/16	2/3	318											28			
17	17	67	67	0.5		3/4	3/4	Chord	4/4	3	1	1/8		1/8	1	319														
18	18	68	68	2.0		0	0	Chord	4/4	1	1	1/2		1/2	1	320	Son-	-welkt											0	
18	18	70	70	0.0		1/2	1/2	Spanner	4/4	1	1	0																		
18	18	70	70	2.0		1/2	1/2	Chord	4/4	1	1	1/2		1/2	1	321	-nen-	im												
18	18	70	70	0.5		1/2	1/2	Chord	4/4	2	1	1/8		1/8	1	322														0
18	18	71	71	0.5		3/4	3/4	Chord	4/4	2	1	1/8		1/8	1	323														0
18	18	68	68	0.125		0	0	Chord	4/4	3	1	1/32		1/32	1	324											29			
18	18	545/8	545/8	0.125		1/32	1/32	Chord	4/4	3	1	1/32		1/32	1	325											29			
18	18	273/4	273/4	0.125		1/16	1/16	Chord	4/4	3	1	1/32		1/32	1	326											29			
18	18	547/8	547/8	0.125		3/32	3/32	Chord	4/4	3	1	1/32		1/32	1	327											29			
18	18	137/2	137/2	0.16666666666666666		1/8	1/8	Chord	4/4	3	1	1/24		1/16	2/3	328											29			
18	18	206/3	206/3	0.16666666666666666		1/6	1/6	Chord	4/4	3	1	1/24		1/16	2/3	329											29			
18	18	413/6	413/6	0.16666666666666666		5/24	5/24	Chord	4/4	3	1	1/24		1/16	2/3	330														
18	18	69	69	0.125		1/4	1/4	Chord	4/4	3	1	1/32		1/32	1	331											30			
18	18	553/8	553/8	0.125		9/32	9/32	Chord	4/4	3	1	1/32		1/32	1	332											30			
18	18	277/4	277/4	0.125		5/16	5/16	Chord	4/4	3	1	1/32		1/32	1	333											30			
18	18	555/8	555/8	0.125		11/32	11/32	Chord	4/4	3	1	1/32		1/32	1	334											30			
18	18	139/2	139/2	0.16666666666666666		3/8	3/8	Chord	4/4	3	1	1/24		1/16	2/3	335											30			
18	18	209/3	209/3	0.16666666666666666		5/12	5/12	Chord	4/4	3	1	1/24		1/16	2/3	336											30			
18	18	419/6	419/6	0.16666666666666666		11/24	11/24	Chord	4/4	3	1	1/24		1/16	2/3	337														
18	18	71	71	0.5		3/4	3/4	Chord	4/4	3	1	1/8		1/8	1	338														
19	19	72	72	3.0		0	0	Chord	4/4	1	1	3/4		1/2	3/2	339	-strahl!	Moos.												
19	19	72	72	0.0		0	0	Dynamic	4/4	2	1	0							f											
19	19	72	72	0.0		0	0	Spanner	4/4	2	1	0																		
19	19	74	74	0.5		1/2	1/2	Chord	4/4	2	1	1/8		1/8	1	340														
19	19	75	75	0.5		3/4	3/4	Chord	4/4	2	1	1/8		1/8	1	341														
19	19	72	72	0.16666666666666666		0	0	Chord	4/4	3	1	1/24		1/16	2/3	342											31			
19	19	433/6	433/6	0.16666666666666666		1/24	1/24	Chord	4/4	3	1	1/24		1/16	2/3	343											31			
19	19	217/3	217/3	0.16666666666666666		1/12	1/12	Chord	4/4	3	1	1/24		1/16	2/3	344											31			
19	19	145/2	145/2	0.16666666666666666		1/8	1/8	Chord	4/4	3	1	1/24		1/16	2/3	345											31			
19	19	218/3	218/3	0.16666666666666666		1/6	1/6	Chord	4/4	3	1	1/24		1/16	2/3	346											31			
19	19	437/6	437/6	0.16666666666666666		5/24	5/24	Chord	4/4	3	1	1/24		1/16	2/3	347														
19	19	73	73	0.16666666666666666		1/4	1/4	Chord	4/4	3	1	1/24		1/16	2/3	348											32			
19	19	439/6	439/6	0.16666666666666666		7/24	7/24	Chord	4/4	3	1	1/24		1/16	2/3	349											32			
19	19	220/3	220/3	0.16666666666666666		1/3	1/3	Chord	4/4	3	1	1/24		1/16	2/3	350											32			
19	19	147/2	147/2	0.16666666666666666		3/8	3/8	Chord	4/4	3	1	1/24		1/16	2/3	351											32			
19	19	221/3	221/3	0.16666666666666666		5/12	5/12	Chord	4/4	3	1	1/24		1/16	2/3	352											32			
19	19	443/6	443/6	0.16666666666666666		11/24	11/24	Chord	4/4	3	1	1/24		1/16	2/3	353														
19	19	75	75	0.5		3/4	3/4	Chord	4/4	3	1	1/8		1/8	1	354														
20	20	76	76	1.0		0	0	Chord	4/4	2	1	1/4		1/4	1	355														
20	20	155/2	155/2	0.16666666666666666		3/8	3/8	Chord	4/4	2	1	1/24		1/16	2/3	356														
20	20	233/3	233/3	0.16666666666666666		5/12	5/12	Chord	4/4	2	1	1/24		1/16	2/3	357														
20	20	467/6	467/6	0.16666666666666666		11/24	11/24	Chord	4/4	2	1	1/24		1/16	2/3	358											33			
20	20	78	78	0.5		1/2	1/2	Chord	4/4	2	1	1/8		1/8	1	359														
20	20	79	79	0.5		3/4	3/4	Chord	4/4	2	1	1/8		1/8	1	360														
20	20	155/2	155/2	0.5		3/8	3/8	Chord	4/4	2	2	1/8		1/8	1	361														
20	20	76	76	0.16666666666666666		0	0	Chord	4/4	3	1	1/24		1/16	2/3	362											34			
20	20	457/6	457/6	0.16666666666666666		1/24	1/24	Chord	4/4	3	1	1/24		1/16	2/3	363											34			
20	20	229/3	229/3	0.16666666666666666		1/12	1/12	Chord	4/4	3	1	1/24		1/16	2/3	364											34			
20	20	153/2	153/2	0.16666666666666666		1/8	1/8	Chord	4/4	3	1	1/24		1/16	2/3	365											34			
20	20	230/3	230/3	0.16666666666666666		1/6	1/6	Chord	4/4	3	1	1/24		1/16	2/3	366											34			
20	20	461/6	461/6	0.16666666666666666		5/24	5/24	Chord	4/4	3	1	1/24		1/16	2/3	367														
20	20	77	77	0.0		1/4	1/4	StaffText	4/4	3	1	0									"<i><font size=""12""/>diminuendo</i>"									
20	20	77	77	0.16666666666666666		1/4	1/4	Chord	4/4	3	1	1/24		1/16	2/3	368														
20	20	463/6	463/6	0.16666666666666666		7/24	7/24	Chord	4/4	3	1	1/24		1/16	2/3	369														
20	20	232/3	232/3	0.16666666666666666		1/3	1/3	Chord	4/4	3	1	1/24		1/16	2/3	370														
20	20	155/2	155/2	0.5		3/8	3/8	Chord	4/4	3	1	1/8		1/8	1	371											35			
20	20	78	78	0.5		1/2	1/2	Chord	4/4	3	1	1/8		1/8	1	372														
20	20	79	79	0.5		3/4	3/4	Chord	4/4	3	1	1/8		1/8	1	373														
21	21	80	80	1.0		0	0	Chord	4/4	2	1	1/4		1/4	1	374														
21	21	163/2	163/2	0.16666666666666666		3/8	3/8	Chord	4/4	2	1	1/24		1/16	2/3	375														
21	21	245/3	245/3	0.16666666666666666		5/12	5/12	Chord	4/4	2	1	1/24		1/16	2/3	376														
21	21	491/6	491/6	0.16666666666666666		11/24	11/24	Chord	4/4	2	1	1/24		1/16	2/3	377											36			
21	21	82	82	0.5		1/2	1/2	Chord	4/4	2	1	1/8		1/8	1	378														
21	21	83	83	0.5		3/4	3/4	Chord	4/4	2	1	1/8		1/8	1	379														
21	21	163/2	163/2	0.5		3/8	3/8	Chord	4/4	2	2	1/8		1/8	1	380														
21	21	80	80	0.16666666666666666		0	0	Chord	4/4	3	1	1/24		1/16	2/3	381											37			
21	21	481/6	481/6	0.16666666666666666		1/24	1/24	Chord	4/4	3	1	1/24		1/16	2/3	382											37			
21	21	241/3	241/3	0.16666666666666666		1/12	1/12	Chord	4/4	3	1	1/24		1/16	2/3	383											37			
21	21	161/2	161/2	0.16666666666666666		1/8	1/8	Chord	4/4	3	1	1/24		1/16	2/3	384											37			
21	21	242/3	242/3	0.16666666666666666		1/6	1/6	Chord	4/4	3	1	1/24		1/16	2/3	385											37			
21	21	485/6	485/6	0.16666666666666666		5/24	5/24	Chord	4/4	3	1	1/24		1/16	2/3	386														
21	21	81	81	0.16666666666666666		1/4	1/4	Chord	4/4	3	1	1/24		1/16	2/3	387														
21	21	487/6	487/6	0.16666666666666666		7/24	7/24	Chord	4/4	3	1	1/24		1/16	2/3	388														
21	21	244/3	244/3	0.16666666666666666		1/3	1/3	Chord	4/4	3	1	1/24		1/16	2/3	389														
21	21	163/2	163/2	0.5		3/8	3/8	Chord	4/4	3	1	1/8		1/8	1	390											38			
21	21	82	82	0.5		1/2	1/2	Chord	4/4	3	1	1/8		1/8	1	391														
21	21	83	83	0.5		3/4	3/4	Chord	4/4	3	1	1/8		1/8	1	392														
22	22	84	84	1.0		0	0	Chord	4/4	2	1	1/4		1/4	1	393														
22	22	85	85	1.0		1/4	1/4	Chord	4/4	2	1	1/4		1/4	1	394														
22	22	86	86	1.0		1/2	1/2	Chord	4/4	2	1	1/4		1/4	1	395														
22	22	87	87	1.0		3/4	3/4	Chord	4/4	2	1	1/4		1/4	1	396														
22	22	421/5	421/5	0.2		1/20	1/20	Chord	4/4	3	1	1/20		1/16	4/5	397											39			
22	22	422/5	422/5	0.2		1/10	1/10	Chord	4/4	3	1	1/20		1/16	4/5	398											39			
22	22	423/5	423/5	0.2		3/20	3/20	Chord	4/4	3	1	1/20		1/16	4/5	399											39			
22	22	424/5	424/5	0.2		1/5	1/5	Chord	4/4	3	1	1/20		1/16	4/5	400														
22	22	426/5	426/5	0.2		3/10	3/10	Chord	4/4	3	1	1/20		1/16	4/5	401											40			
22	22	427/5	427/5	0.2		7/20	7/20	Chord	4/4	3	1	1/20		1/16	4/5	402											40			
22	22	428/5	428/5	0.2		2/5	2/5	Chord	4/4	3	1	1/20		1/16	4/5	403											40			
22	22	429/5	429/5	0.2		9/20	9/20	Chord	4/4	3	1	1/20		1/16	4/5	404														
22	22	431/5	431/5	0.2		11/20	11/20	Chord	4/4	3	1	1/20		1/16	4/5	405											41			
22	22	432/5	432/5	0.2		3/5	3/5	Chord	4/4	3	1	1/20		1/16	4/5	406											41			
22	22	433/5	433/5	0.2		13/20	13/20	Chord	4/4	3	1	1/20		1/16	4/5	407											41			
22	22	434/5	434/5	0.2		7/10	7/10	Chord	4/4	3	1	1/20		1/16	4/5	408														
22	22	436/5	436/5	0.2		4/5	4/5	Chord	4/4	3	1	1/20		1/16	4/5	409											42			
22	22	437/5	437/5	0.2		17/20	17/20	Chord	4/4	3	1	1/20		1/16	4/5	410											42			
22	22	438/5	438/5	0.2		9/10	9/10	Chord	4/4	3	1	1/20		1/16	4/5	411											42			
22	22	439/5	439/5	0.2		19/20	19/20	Chord	4/4	3	1	1/20		1/16	4/5	412														
23	23	91	91	0.0		3/4	3/4	Dynamic	4/4	1	1	0							p											
23	23	91	91	1.0		3/4	3/4	Chord	4/4	1	1	1/4		1/4	1	413	Er-	Ich												
23	23	88	88	1.0		0	0	Chord	4/4	2	1	1/4		1/4	1	414														
23	23	90	90	0.5		1/2	1/2	Chord	4/4	2	1	1/8		1/8	1	415														
23	23	91	91	0.0		3/4	3/4	Dynamic	4/4	2	1	0							p											
23	23	91	91	0.5		3/4	3/4	Chord	4/4	2	1	1/8		1/8	1	416														
23	23	88	88	0.16666666666666666		0	0	Chord	4/4	3	1	1/24		1/16	2/3	417											43			
23	23	529/6	529/6	0.16666666666666666		1/24	1/24	Chord	4/4	3	1	1/24		1/16	2/3	418											43			
23	23	265/3	265/3	0.16666666666666666		1/12	1/12	Chord	4/4	3	1	1/24		1/16	2/3	419											43			
23	23	177/2	177/2	0.16666666666666666		1/8	1/8	Chord	4/4	3	1	1/24		1/16	2/3	420											43			
23	23	266/3	266/3	0.16666666666666666		1/6	1/6	Chord	4/4	3	1	1/24		1/16	2/3	421											43			
23	23	533/6	533/6	0.16666666666666666		5/24	5/24	Chord	4/4	3	1	1/24		1/16	2/3	422														
23	23	89	89	0.16666666666666666		1/4	1/4	Chord	4/4	3	1	1/24		1/16	2/3	423											44			
23	23	535/6	535/6	0.16666666666666666		7/24	7/24	Chord	4/4	3	1	1/24		1/16	2/3	424											44			
23	23	268/3	268/3	0.16666666666666666		1/3	1/3	Chord	4/4	3	1	1/24		1/16	2/3	425											44			
23	23	179/2	179/2	0.16666666666666666		3/8	3/8	Chord	4/4	3	1	1/24		1/16	2/3	426											44			
23	23	269/3	269/3	0.16666666666666666		5/12	5/12	Chord	4/4	3	1	1/24		1/16	2/3	427											44			
23	23	539/6	539/6	0.16666666666666666		11/24	11/24	Chord	4/4	3	1	1/24		1/16	2/3	428											44			
23	23	91	91	0.5		3/4	3/4	Chord	4/4	3	1	1/8		1/8	1	429														
24	24	92	92	1.5		0	0	Chord	4/4	1	1	3/8		1/4	3/2	430	-schlie-	will												
24	24	187/2	187/2	0.5		3/8	3/8	Chord	4/4	1	1	1/8		1/8	1	431	-sse	ja												
24	24	94	94	1.0		1/2	1/2	Chord	4/4	1	1	1/4		1/4	1	432	mit	nichts												
24	24	95	95	1.0		3/4	3/4	Chord	4/4	1	1	1/4		1/4	1	433	Ver-	be-												
24	24	94	94	0.5		1/2	1/2	Chord	4/4	2	1	1/8		1/8	1	434														
24	24	95	95	0.5		3/4	3/4	Chord	4/4	2	1	1/8		1/8	1	435														
24	24	92	92	0.16666666666666666		0	0	Chord	4/4	3	1	1/24		1/16	2/3	436											45			
24	24	553/6	553/6	0.16666666666666666		1/24	1/24	Chord	4/4	3	1	1/24		1/16	2/3	437											45			
24	24	277/3	277/3	0.16666666666666666		1/12	1/12	Chord	4/4	3	1	1/24		1/16	2/3	438											45			
24	24	185/2	185/2	0.16666666666666666		1/8	1/8	Chord	4/4	3	1	1/24		1/16	2/3	439											45			
24	24	278/3	278/3	0.16666666666666666		1/6	1/6	Chord	4/4	3	1	1/24		1/16	2/3	440											45			
24	24	557/6	557/6	0.16666666666666666		5/24	5/24	Chord	4/4	3	1	1/24		1/16	2/3	441														
24	24	93	93	0.16666666666666666		1/4	1/4	Chord	4/4	3	1	1/24		1/16	2/3	442											46			
24	24	559/6	559/6	0.16666666666666666		7/24	7/24	Chord	4/4	3	1	1/24		1/16	2/3	443											46			
24	24	280/3	280/3	0.16666666666666666		1/3	1/3	Chord	4/4	3	1	1/24		1/16	2/3	444											46			
24	24	187/2	187/2	0.16666666666666666		3/8	3/8	Chord	4/4	3	1	1/24		1/16	2/3	445											46			
24	24	281/3	281/3	0.16666666666666666		5/12	5/12	Chord	4/4	3	1	1/24		1/16	2/3	446											46			
24	24	563/6	563/6	0.16666666666666666		11/24	11/24	Chord	4/4	3	1	1/24		1/16	2/3	447														
24	24	94	94	0.5		1/2	1/2	Chord	4/4	3	1	1/8		1/8	1	448														
24	24	95	95	0.5		3/4	3/4	Chord	4/4	3	1	1/8		1/8	1	449														
25	25	96	96	2.0		0	0	Chord	4/4	1	1	1/2		1/2	1	450	-trau-	-geh-												
25	25	98	98	1.0		1/2	1/2	Chord	4/4	1	1	1/4		1/4	1	451	-en	-ren,												
25	25	99	99	1.0		3/4	3/4	Chord	4/4	1	1	1/4		1/4	1	452	dein	als												
25	25	98	98	0.5		1/2	1/2	Chord	4/4	2	1	1/8		1/8	1	453														
25	25	99	99	0.5		3/4	3/4	Chord	4/4	2	1	1/8		1/8	1	454														
25	25	96	96	0.16666666666666666		0	0	Chord	4/4	3	1	1/24		1/16	2/3	455											47			
25	25	577/6	577/6	0.16666666666666666		1/24	1/24	Chord	4/4	3	1	1/24		1/16	2/3	456											47			
25	25	289/3	289/3	0.16666666666666666		1/12	1/12	Chord	4/4	3	1	1/24		1/16	2/3	457											47			
25	25	193/2	193/2	0.16666666666666666		1/8	1/8	Chord	4/4	3	1	1/24		1/16	2/3	458											47			
25	25	290/3	290/3	0.16666666666666666		1/6	1/6	Chord	4/4	3	1	1/24		1/16	2/3	459											47			
25	25	581/6	581/6	0.16666666666666666		5/24	5/24	Chord	4/4	3	1	1/24		1/16	2/3	460														
25	25	97	97	0.16666666666666666		1/4	1/4	Chord	4/4	3	1	1/24		1/16	2/3	461											48			
25	25	583/6	583/6	0.16666666666666666		7/24	7/24	Chord	4/4	3	1	1/24		1/16	2/3	462											48			
25	25	292/3	292/3	0.16666666666666666		1/3	1/3	Chord	4/4	3	1	1/24		1/16	2/3	463											48			
25	25	195/2	195/2	0.16666666666666666		3/8	3/8	Chord	4/4	3	1	1/24		1/16	2/3	464											48			
25	25	293/3	293/3	0.16666666666666666		5/12	5/12	Chord	4/4	3	1	1/24		1/16	2/3	465											48			
25	25	587/6	587/6	0.16666666666666666		11/24	11/24	Chord	4/4	3	1	1/24		1/16	2/3	466														
25	25	98	98	0.5		1/2	1/2	Chord	4/4	3	1	1/8		1/8	1	467														
25	25	99	99	0.5		3/4	3/4	Chord	4/4	3	1	1/8		1/8	1	468														
26	26	100	100	1.0		0	0	Chord	4/4	1	1	1/4		1/4	1	469	Bl√º-	ruh'n												
26	26	101	101	1.0		1/4	1/4	Chord	4/4	1	1	1/4		1/4	1	470	-then-	an												
26	26	102	102	1.0		1/2	1/2	Chord	4/4	1	1	1/4		1/4	1	471	-k√§m-	dei-												
26	26	103	103	1.0		3/4	3/4	Chord	4/4	1	1	1/4		1/4	1	472	-mer-	-ner												
26	26	100	100	0.25		0	0	Chord	4/4	3	1	1/16		1/16	1	473											49			
26	26	401/4	401/4	0.25		1/16	1/16	Chord	4/4	3	1	1/16		1/16	1	474											49			
26	26	201/2	201/2	0.25		1/8	1/8	Chord	4/4	3	1	1/16		1/16	1	475											49			
26	26	403/4	403/4	0.25		3/16	3/16	Chord	4/4	3	1	1/16		1/16	1	476														
26	26	101	101	0.2		1/4	1/4	Chord	4/4	3	1	1/20		1/16	4/5	477											50			
26	26	506/5	506/5	0.2		3/10	3/10	Chord	4/4	3	1	1/20		1/16	4/5	478											50			
26	26	507/5	507/5	0.2		7/20	7/20	Chord	4/4	3	1	1/20		1/16	4/5	479											50			
26	26	508/5	508/5	0.2		2/5	2/5	Chord	4/4	3	1	1/20		1/16	4/5	480											50			
26	26	509/5	509/5	0.2		9/20	9/20	Chord	4/4	3	1	1/20		1/16	4/5	481														
26	26	102	102	0.2		1/2	1/2	Chord	4/4	3	1	1/20		1/16	4/5	482											51			
26	26	511/5	511/5	0.2		11/20	11/20	Chord	4/4	3	1	1/20		1/16	4/5	483											51			
26	26	512/5	512/5	0.2		3/5	3/5	Chord	4/4	3	1	1/20		1/16	4/5	484											51			
26	26	513/5	513/5	0.2		13/20	13/20	Chord	4/4	3	1	1/20		1/16	4/5	485											51			
26	26	514/5	514/5	0.2		7/10	7/10	Chord	4/4	3	1	1/20		1/16	4/5	486														
26	26	103	103	0.2		3/4	3/4	Chord	4/4	3	1	1/20		1/16	4/5	487											52			
26	26	516/5	516/5	0.2		4/5	4/5	Chord	4/4	3	1	1/20		1/16	4/5	488											52			
26	26	517/5	517/5	0.2		17/20	17/20	Chord	4/4	3	1	1/20		1/16	4/5	489											52			
26	26	518/5	518/5	0.2		9/10	9/10	Chord	4/4	3	1	1/20		1/16	4/5	490											52			
26	26	519/5	519/5	0.2		19/20	19/20	Chord	4/4	3	1	1/20		1/16	4/5	491														
27	27	104	104	3.0		0	0	Chord	4/4	1	1	3/4		1/2	3/2	492	-lein	Brust,												
27	27	107	107	1.0		3/4	3/4	Chord	4/4	1	1	1/4		1/4	1	493	und	und												
27	27	106	106	0.5		1/2	1/2	Chord	4/4	2	1	1/8		1/8	1	494														
27	27	104	104	0.16666666666666666		0	0	Chord	4/4	3	1	1/24		1/16	2/3	495											53			
27	27	625/6	625/6	0.16666666666666666		1/24	1/24	Chord	4/4	3	1	1/24		1/16	2/3	496											53			
27	27	313/3	313/3	0.16666666666666666		1/12	1/12	Chord	4/4	3	1	1/24		1/16	2/3	497											53			
27	27	209/2	209/2	0.16666666666666666		1/8	1/8	Chord	4/4	3	1	1/24		1/16	2/3	498											53			
27	27	314/3	314/3	0.16666666666666666		1/6	1/6	Chord	4/4	3	1	1/24		1/16	2/3	499											53			
27	27	629/6	629/6	0.16666666666666666		5/24	5/24	Chord	4/4	3	1	1/24		1/16	2/3	500														
27	27	105	105	0.2		1/4	1/4	Chord	4/4	3	1	1/20		1/16	4/5	501											54			
27	27	526/5	526/5	0.2		3/10	3/10	Chord	4/4	3	1	1/20		1/16	4/5	502											54			
27	27	527/5	527/5	0.2		7/20	7/20	Chord	4/4	3	1	1/20		1/16	4/5	503											54			
27	27	528/5	528/5	0.2		2/5	2/5	Chord	4/4	3	1	1/20		1/16	4/5	504											54			
27	27	529/5	529/5	0.2		9/20	9/20	Chord	4/4	3	1	1/20		1/16	4/5	505														
27	27	107	107	0.25		3/4	3/4	Chord	4/4	3	1	1/16		1/16	1	506											55			
27	27	429/4	429/4	0.25		13/16	13/16	Chord	4/4	3	1	1/16		1/16	1	507											55			
27	27	215/2	215/2	0.25		7/8	7/8	Chord	4/4	3	1	1/16		1/16	1	508											55			
27	27	431/4	431/4	0.25		15/16	15/16	Chord	4/4	3	1	1/16		1/16	1	509														
28	28	108	108	1.0		0	0	Chord	4/4	1	1	1/4		1/4	1	510	lass	dich												
28	28	109	109	1.0		1/4	1/4	Chord	4/4	1	1	1/4		1/4	1	511	die	da-												
28	28	110	110	1.0		1/2	1/2	Chord	4/4	1	1	1/4		1/4	1	512	hei-	-f√ºr												
28	28	111	111	1.0		3/4	3/4	Chord	4/4	1	1	1/4		1/4	1	513	-sse	ver-												
28	28	108	108	0.25		0	0	Chord	4/4	3	1	1/16		1/16	1	514											56			
28	28	433/4	433/4	0.25		1/16	1/16	Chord	4/4	3	1	1/16		1/16	1	515											56			
28	28	217/2	217/2	0.25		1/8	1/8	Chord	4/4	3	1	1/16		1/16	1	516											56			
28	28	435/4	435/4	0.25		3/16	3/16	Chord	4/4	3	1	1/16		1/16	1	517														
28	28	109	109	0.2		1/4	1/4	Chord	4/4	3	1	1/20		1/16	4/5	518											57			
28	28	546/5	546/5	0.2		3/10	3/10	Chord	4/4	3	1	1/20		1/16	4/5	519											57			
28	28	547/5	547/5	0.2		7/20	7/20	Chord	4/4	3	1	1/20		1/16	4/5	520											57			
28	28	548/5	548/5	0.2		2/5	2/5	Chord	4/4	3	1	1/20		1/16	4/5	521											57			
28	28	549/5	549/5	0.2		9/20	9/20	Chord	4/4	3	1	1/20		1/16	4/5	522														
28	28	110	110	0.16666666666666666		1/2	1/2	Chord	4/4	3	1	1/24		1/16	2/3	523											58			
28	28	661/6	661/6	0.16666666666666666		13/24	13/24	Chord	4/4	3	1	1/24		1/16	2/3	524											58			
28	28	331/3	331/3	0.16666666666666666		7/12	7/12	Chord	4/4	3	1	1/24		1/16	2/3	525											58			
28	28	221/2	221/2	0.0		5/8	5/8	Spanner	4/4	3	1	0															58		1	
28	28	221/2	221/2	0.16666666666666666		5/8	5/8	Chord	4/4	3	1	1/24		1/16	2/3	526											58		1	
28	28	332/3	332/3	0.16666666666666666		2/3	2/3	Chord	4/4	3	1	1/24		1/16	2/3	527											58		1	
28	28	665/6	665/6	0.16666666666666666		17/24	17/24	Chord	4/4	3	1	1/24		1/16	2/3	528													1	
28	28	111	111	0.16666666666666666		3/4	3/4	Chord	4/4	3	1	1/24		1/16	2/3	529											59		1	
28	28	667/6	667/6	0.16666666666666666		19/24	19/24	Chord	4/4	3	1	1/24		1/16	2/3	530											59		1	
28	28	334/3	334/3	0.16666666666666666		5/6	5/6	Chord	4/4	3	1	1/24		1/16	2/3	531											59		1	
28	28	223/2	223/2	0.16666666666666666		7/8	7/8	Chord	4/4	3	1	1/24		1/16	2/3	532											59		1	
28	28	335/3	335/3	0.16666666666666666		11/12	11/12	Chord	4/4	3	1	1/24		1/16	2/3	533											59		1	
28	28	671/6	671/6	0.16666666666666666		23/24	23/24	Chord	4/4	3	1	1/24		1/16	2/3	534													1	
29	29	112	112	2.0		0	0	Chord	4/4	1	1	1/2		1/2	1	535	Lie-	-kl√§-												
29	29	114	114	1.0		1/2	1/2	Chord	4/4	1	1	1/4		1/4	1	536	-be	-ren												
29	29	115	115	1.0		3/4	3/4	Chord	4/4	1	1	1/4		1/4	1	537	in's	mit												
29	29	114	114	0.5		1/2	1/2	Chord	4/4	2	1	1/8		1/8	1	538														
29	29	112	112	0.0		0	0	Spanner	4/4	3	1	0																		
29	29	112	112	0.16666666666666666		0	0	Chord	4/4	3	1	1/24		1/16	2/3	539											60			
29	29	673/6	673/6	0.16666666666666666		1/24	1/24	Chord	4/4	3	1	1/24		1/16	2/3	540											60			
29	29	337/3	337/3	0.16666666666666666		1/12	1/12	Chord	4/4	3	1	1/24		1/16	2/3	541											60			
29	29	225/2	225/2	0.16666666666666666		1/8	1/8	Chord	4/4	3	1	1/24		1/16	2/3	542											60			
29	29	338/3	338/3	0.16666666666666666		1/6	1/6	Chord	4/4	3	1	1/24		1/16	2/3	543											60			
29	29	677/6	677/6	0.16666666666666666		5/24	5/24	Chord	4/4	3	1	1/24		1/16	2/3	544														
29	29	113	113	0.16666666666666666		1/4	1/4	Chord	4/4	3	1	1/24		1/16	2/3	545											61			
29	29	679/6	679/6	0.16666666666666666		7/24	7/24	Chord	4/4	3	1	1/24		1/16	2/3	546											61			
29	29	340/3	340/3	0.16666666666666666		1/3	1/3	Chord	4/4	3	1	1/24		1/16	2/3	547											61			
29	29	227/2	227/2	0.16666666666666666		3/8	3/8	Chord	4/4	3	1	1/24		1/16	2/3	548											61			
29	29	341/3	341/3	0.16666666666666666		5/12	5/12	Chord	4/4	3	1	1/24		1/16	2/3	549											61			
29	29	683/6	683/6	0.16666666666666666		11/24	11/24	Chord	4/4	3	1	1/24		1/16	2/3	550											61			
30	30	116	116	1.0		0	0	Chord	4/4	1	1	1/4		1/4	1	551	Hei-	son-												
30	30	117	117	1.0		1/4	1/4	Chord	4/4	1	1	1/4		1/4	1	552	-lig-	-nen-												
30	30	118	118	1.0		1/2	1/2	Chord	4/4	1	1	1/4		1/4	1	553	-thum	-hel-												
30	30	119	119	1.0		3/4	3/4	Chord	4/4	1	1	1/4		1/4	1	554	hin-	-ler												
30	30	116	116	0.16666666666666666		0	0	Chord	4/4	3	1	1/24		1/16	2/3	555											62			
30	30	697/6	697/6	0.16666666666666666		1/24	1/24	Chord	4/4	3	1	1/24		1/16	2/3	556											62			
30	30	349/3	349/3	0.16666666666666666		1/12	1/12	Chord	4/4	3	1	1/24		1/16	2/3	557											62			
30	30	233/2	233/2	0.16666666666666666		1/8	1/8	Chord	4/4	3	1	1/24		1/16	2/3	558											62			
30	30	350/3	350/3	0.16666666666666666		1/6	1/6	Chord	4/4	3	1	1/24		1/16	2/3	559											62			
30	30	701/6	701/6	0.16666666666666666		5/24	5/24	Chord	4/4	3	1	1/24		1/16	2/3	560														
30	30	117	117	0.16666666666666666		1/4	1/4	Chord	4/4	3	1	1/24		1/16	2/3	561											63			
30	30	703/6	703/6	0.16666666666666666		7/24	7/24	Chord	4/4	3	1	1/24		1/16	2/3	562											63			
30	30	352/3	352/3	0.16666666666666666		1/3	1/3	Chord	4/4	3	1	1/24		1/16	2/3	563											63			
30	30	235/2	235/2	0.0		3/8	3/8	Spanner	4/4	3	1	0															63		2	
30	30	235/2	235/2	0.16666666666666666		3/8	3/8	Chord	4/4	3	1	1/24		1/16	2/3	564											63		2	
30	30	353/3	353/3	0.16666666666666666		5/12	5/12	Chord	4/4	3	1	1/24		1/16	2/3	565											63		2	
30	30	707/6	707/6	0.16666666666666666		11/24	11/24	Chord	4/4	3	1	1/24		1/16	2/3	566													2	
30	30	118	118	0.16666666666666666		1/2	1/2	Chord	4/4	3	1	1/24		1/16	2/3	567											64		2	
30	30	709/6	709/6	0.16666666666666666		13/24	13/24	Chord	4/4	3	1	1/24		1/16	2/3	568											64		2	
30	30	355/3	355/3	0.16666666666666666		7/12	7/12	Chord	4/4	3	1	1/24		1/16	2/3	569											64		2	
30	30	237/2	237/2	0.16666666666666666		5/8	5/8	Chord	4/4	3	1	1/24		1/16	2/3	570											64		2	
30	30	356/3	356/3	0.16666666666666666		2/3	2/3	Chord	4/4	3	1	1/24		1/16	2/3	571											64		2	
30	30	713/6	713/6	0.16666666666666666		17/24	17/24	Chord	4/4	3	1	1/24		1/16	2/3	572													2	
30	30	119	119	0.16666666666666666		3/4	3/4	Chord	4/4	3	1	1/24		1/16	2/3	573											65		2	
30	30	715/6	715/6	0.16666666666666666		19/24	19/24	Chord	4/4	3	1	1/24		1/16	2/3	574											65		2	
30	30	358/3	358/3	0.16666666666666666		5/6	5/6	Chord	4/4	3	1	1/24		1/16	2/3	575											65		2	
30	30	239/2	239/2	0.16666666666666666		7/8	7/8	Chord	4/4	3	1	1/24		1/16	2/3	576											65		2	
30	30	359/3	359/3	0.16666666666666666		11/12	11/12	Chord	4/4	3	1	1/24		1/16	2/3	577											65		2	
30	30	719/6	719/6	0.16666666666666666		23/24	23/24	Chord	4/4	3	1	1/24		1/16	2/3	578													2	
31	31	120	120	3.0		0	0	Chord	4/4	1	1	3/4		1/2	3/2	579	ein,	Lust,												
31	31	123	123	0.0		3/4	3/4	Dynamic	4/4	1	1	0							f											
31	31	123	123	1.0		3/4	3/4	Chord	4/4	1	1	1/4		1/4	1	580	und	und												
31	31	122	122	0.5		1/2	1/2	Chord	4/4	2	1	1/8		1/8	1	581														
31	31	123	123	0.0		3/4	3/4	Dynamic	4/4	2	1	0							f											
31	31	123	123	0.5		3/4	3/4	Chord	4/4	2	1	1/8		1/8	1	582														
31	31	120	120	0.0		0	0	Spanner	4/4	3	1	0																		
31	31	120	120	0.16666666666666666		0	0	Chord	4/4	3	1	1/24		1/16	2/3	583											66			
31	31	721/6	721/6	0.16666666666666666		1/24	1/24	Chord	4/4	3	1	1/24		1/16	2/3	584											66			
31	31	361/3	361/3	0.16666666666666666		1/12	1/12	Chord	4/4	3	1	1/24		1/16	2/3	585											66			
31	31	241/2	241/2	0.16666666666666666		1/8	1/8	Chord	4/4	3	1	1/24		1/16	2/3	586											66			
31	31	362/3	362/3	0.16666666666666666		1/6	1/6	Chord	4/4	3	1	1/24		1/16	2/3	587											66			
31	31	725/6	725/6	0.16666666666666666		5/24	5/24	Chord	4/4	3	1	1/24		1/16	2/3	588														
31	31	121	121	0.16666666666666666		1/4	1/4	Chord	4/4	3	1	1/24		1/16	2/3	589											67			
31	31	727/6	727/6	0.16666666666666666		7/24	7/24	Chord	4/4	3	1	1/24		1/16	2/3	590											67			
31	31	364/3	364/3	0.16666666666666666		1/3	1/3	Chord	4/4	3	1	1/24		1/16	2/3	591											67			
31	31	243/2	243/2	0.16666666666666666		3/8	3/8	Chord	4/4	3	1	1/24		1/16	2/3	592											67			
31	31	365/3	365/3	0.16666666666666666		5/12	5/12	Chord	4/4	3	1	1/24		1/16	2/3	593											67			
31	31	731/6	731/6	0.16666666666666666		11/24	11/24	Chord	4/4	3	1	1/24		1/16	2/3	594														
31	31	123	123	0.5		3/4	3/4	Chord	4/4	3	1	1/8		1/8	1	595														
32	32	124	124	1.0		0	0	Chord	4/4	1	1	1/4		1/4	1	596	lass	dich												
32	32	125	125	1.0		1/4	1/4	Chord	4/4	1	1	1/4		1/4	1	597	die	da-												
32	32	126	126	1.0		1/2	1/2	Chord	4/4	1	1	1/4		1/4	1	598	hei-	-f√ºr												
32	32	127	127	1.0		3/4	3/4	Chord	4/4	1	1	1/4		1/4	1	599	-sse	ver-												
32	32	124	124	0.16666666666666666		0	0	Chord	4/4	3	1	1/24		1/16	2/3	600											68			
32	32	745/6	745/6	0.16666666666666666		1/24	1/24	Chord	4/4	3	1	1/24		1/16	2/3	601											68			
32	32	373/3	373/3	0.16666666666666666		1/12	1/12	Chord	4/4	3	1	1/24		1/16	2/3	602											68			
32	32	249/2	249/2	0.125		1/8	1/8	Chord	4/4	3	1	1/32		1/32	1	603											68			
32	32	997/8	997/8	0.125		5/32	5/32	Chord	4/4	3	1	1/32		1/32	1	604											68			
32	32	499/4	499/4	0.125		3/16	3/16	Chord	4/4	3	1	1/32		1/32	1	605											68			
32	32	999/8	999/8	0.125		7/32	7/32	Chord	4/4	3	1	1/32		1/32	1	606														
32	32	125	125	0.16666666666666666		1/4	1/4	Chord	4/4	3	1	1/24		1/16	2/3	607											69			
32	32	751/6	751/6	0.16666666666666666		7/24	7/24	Chord	4/4	3	1	1/24		1/16	2/3	608											69			
32	32	376/3	376/3	0.16666666666666666		1/3	1/3	Chord	4/4	3	1	1/24		1/16	2/3	609											69			
32	32	251/2	251/2	0.125		3/8	3/8	Chord	4/4	3	1	1/32		1/32	1	610											69			
32	32	1005/8	1005/8	0.125		13/32	13/32	Chord	4/4	3	1	1/32		1/32	1	611											69			
32	32	503/4	503/4	0.125		7/16	7/16	Chord	4/4	3	1	1/32		1/32	1	612											69			
32	32	1007/8	1007/8	0.125		15/32	15/32	Chord	4/4	3	1	1/32		1/32	1	613														
32	32	126	126	0.16666666666666666		1/2	1/2	Chord	4/4	3	1	1/24		1/16	2/3	614											70			
32	32	757/6	757/6	0.16666666666666666		13/24	13/24	Chord	4/4	3	1	1/24		1/16	2/3	615											70			
32	32	379/3	379/3	0.16666666666666666		7/12	7/12	Chord	4/4	3	1	1/24		1/16	2/3	616											70			
32	32	253/2	253/2	0.125		5/8	5/8	Chord	4/4	3	1	1/32		1/32	1	617											70			
32	32	1013/8	1013/8	0.125		21/32	21/32	Chord	4/4	3	1	1/32		1/32	1	618											70			
32	32	507/4	507/4	0.125		11/16	11/16	Chord	4/4	3	1	1/32		1/32	1	619											70			
32	32	1015/8	1015/8	0.125		23/32	23/32	Chord	4/4	3	1	1/32		1/32	1	620														
32	32	127	127	0.16666666666666666		3/4	3/4	Chord	4/4	3	1	1/24		1/16	2/3	621											71			
32	32	763/6	763/6	0.16666666666666666		19/24	19/24	Chord	4/4	3	1	1/24		1/16	2/3	622											71			
32	32	382/3	382/3	0.16666666666666666		5/6	5/6	Chord	4/4	3	1	1/24		1/16	2/3	623											71			
32	32	255/2	255/2	0.125		7/8	7/8	Chord	4/4	3	1	1/32		1/32	1	624											71			
32	32	1021/8	1021/8	0.125		29/32	29/32	Chord	4/4	3	1	1/32		1/32	1	625											71			
32	32	511/4	511/4	0.125		15/16	15/16	Chord	4/4	3	1	1/32		1/32	1	626											71			
32	32	1023/8	1023/8	0.125		31/32	31/32	Chord	4/4	3	1	1/32		1/32	1	627														
33	33	128	128	2.0		0	0	Chord	4/4	1	1	1/2		1/2	1	628	Lie-	-kl√§-												
33	33	130	130	1.0		1/2	1/2	Chord	4/4	1	1	1/4		1/4	1	629	-be	-ren												
33	33	131	131	1.0		3/4	3/4	Chord	4/4	1	1	1/4		1/4	1	630	in's	mit												
33	33	130	130	0.5		1/2	1/2	Chord	4/4	2	1	1/8		1/8	1	631														
33	33	131	131	0.5		3/4	3/4	Chord	4/4	2	1	1/8		1/8	1	632														
33	33	128	128	0.16666666666666666		0	0	Chord	4/4	3	1	1/24		1/16	2/3	633											72			
33	33	769/6	769/6	0.16666666666666666		1/24	1/24	Chord	4/4	3	1	1/24		1/16	2/3	634											72			
33	33	385/3	385/3	0.16666666666666666		1/12	1/12	Chord	4/4	3	1	1/24		1/16	2/3	635											72			
33	33	257/2	257/2	0.16666666666666666		1/8	1/8	Chord	4/4	3	1	1/24		1/16	2/3	636											72			
33	33	386/3	386/3	0.16666666666666666		1/6	1/6	Chord	4/4	3	1	1/24		1/16	2/3	637											72			
33	33	773/6	773/6	0.16666666666666666		5/24	5/24	Chord	4/4	3	1	1/24		1/16	2/3	638														
33	33	129	129	0.16666666666666666		1/4	1/4	Chord	4/4	3	1	1/24		1/16	2/3	639											73			
33	33	775/6	775/6	0.16666666666666666		7/24	7/24	Chord	4/4	3	1	1/24		1/16	2/3	640											73			
33	33	388/3	388/3	0.16666666666666666		1/3	1/3	Chord	4/4	3	1	1/24		1/16	2/3	641											73			
33	33	259/2	259/2	0.16666666666666666		3/8	3/8	Chord	4/4	3	1	1/24		1/16	2/3	642											73			
33	33	389/3	389/3	0.16666666666666666		5/12	5/12	Chord	4/4	3	1	1/24		1/16	2/3	643											73			
33	33	779/6	779/6	0.16666666666666666		11/24	11/24	Chord	4/4	3	1	1/24		1/16	2/3	644														
33	33	130	130	0.5		1/2	1/2	Chord	4/4	3	1	1/8		1/8	1	645														
33	33	131	131	0.5		3/4	3/4	Chord	4/4	3	1	1/8		1/8	1	646														
34	34	132	132	1.0		0	0	Chord	4/4	1	1	1/4		1/4	1	647	Hei-	son-												
34	34	133	133	1.0		1/4	1/4	Chord	4/4	1	1	1/4		1/4	1	648	-lig-	-nen-												
34	34	134	134	1.0		1/2	1/2	Chord	4/4	1	1	1/4		1/4	1	649	-thum	-hel-												
34	34	135	135	1.0		3/4	3/4	Chord	4/4	1	1	1/4		1/4	1	650	hin-	-ler												
34	34	132	132	0.16666666666666666		0	0	Chord	4/4	3	1	1/24		1/16	2/3	651											74			
34	34	793/6	793/6	0.16666666666666666		1/24	1/24	Chord	4/4	3	1	1/24		1/16	2/3	652											74			
34	34	397/3	397/3	0.16666666666666666		1/12	1/12	Chord	4/4	3	1	1/24		1/16	2/3	653											74			
34	34	265/2	265/2	0.16666666666666666		1/8	1/8	Chord	4/4	3	1	1/24		1/16	2/3	654											74			
34	34	398/3	398/3	0.16666666666666666		1/6	1/6	Chord	4/4	3	1	1/24		1/16	2/3	655											74			
34	34	797/6	797/6	0.16666666666666666		5/24	5/24	Chord	4/4	3	1	1/24		1/16	2/3	656														
34	34	133	133	0.16666666666666666		1/4	1/4	Chord	4/4	3	1	1/24		1/16	2/3	657											75			
34	34	799/6	799/6	0.16666666666666666		7/24	7/24	Chord	4/4	3	1	1/24		1/16	2/3	658											75			
34	34	400/3	400/3	0.16666666666666666		1/3	1/3	Chord	4/4	3	1	1/24		1/16	2/3	659											75			
34	34	267/2	267/2	0.16666666666666666		3/8	3/8	Chord	4/4	3	1	1/24		1/16	2/3	660											75			
34	34	401/3	401/3	0.16666666666666666		5/12	5/12	Chord	4/4	3	1	1/24		1/16	2/3	661											75			
34	34	803/6	803/6	0.16666666666666666		11/24	11/24	Chord	4/4	3	1	1/24		1/16	2/3	662														
34	34	134	134	0.16666666666666666		1/2	1/2	Chord	4/4	3	1	1/24		1/16	2/3	663											76			
34	34	805/6	805/6	0.16666666666666666		13/24	13/24	Chord	4/4	3	1	1/24		1/16	2/3	664											76			
34	34	403/3	403/3	0.16666666666666666		7/12	7/12	Chord	4/4	3	1	1/24		1/16	2/3	665											76			
34	34	269/2	269/2	0.16666666666666666		5/8	5/8	Chord	4/4	3	1	1/24		1/16	2/3	666											76			
34	34	404/3	404/3	0.16666666666666666		2/3	2/3	Chord	4/4	3	1	1/24		1/16	2/3	667											76			
34	34	809/6	809/6	0.16666666666666666		17/24	17/24	Chord	4/4	3	1	1/24		1/16	2/3	668														
34	34	135	135	0.16666666666666666		3/4	3/4	Chord	4/4	3	1	1/24		1/16	2/3	669											77			
34	34	811/6	811/6	0.16666666666666666		19/24	19/24	Chord	4/4	3	1	1/24		1/16	2/3	670											77			
34	34	406/3	406/3	0.16666666666666666		5/6	5/6	Chord	4/4	3	1	1/24		1/16	2/3	671											77			
34	34	271/2	271/2	0.16666666666666666		7/8	7/8	Chord	4/4	3	1	1/24		1/16	2/3	672											77			
34	34	407/3	407/3	0.16666666666666666		11/12	11/12	Chord	4/4	3	1	1/24		1/16	2/3	673											77			
34	34	815/6	815/6	0.16666666666666666		23/24	23/24	Chord	4/4	3	1	1/24		1/16	2/3	674														
35	35		136	3.0	1	0	0	Chord	4/4	1	1	3/4		1/2	3/2	675	-ein.													
35	35		138	0.5	1	1/2	1/2	Chord	4/4	2	1	1/8		1/8	1	676														
35	35		139	0.5	1	3/4	3/4	Chord	4/4	2	1	1/8		1/8	1	677														
35	35		136	0.16666666666666666	1	0	0	Chord	4/4	3	1	1/24		1/16	2/3	678											78			
35	35		817/6	0.16666666666666666	1	1/24	1/24	Chord	4/4	3	1	1/24		1/16	2/3	679											78			
35	35		409/3	0.16666666666666666	1	1/12	1/12	Chord	4/4	3	1	1/24		1/16	2/3	680											78			
35	35		273/2	0.16666666666666666	1	1/8	1/8	Chord	4/4	3	1	1/24		1/16	2/3	681											78			
35	35		410/3	0.16666666666666666	1	1/6	1/6	Chord	4/4	3	1	1/24		1/16	2/3	682											78			
35	35		821/6	0.16666666666666666	1	5/24	5/24	Chord	4/4	3	1	1/24		1/16	2/3	683														
35	35		137	0.16666666666666666	1	1/4	1/4	Chord	4/4	3	1	1/24		1/16	2/3	684											79			
35	35		823/6	0.16666666666666666	1	7/24	7/24	Chord	4/4	3	1	1/24		1/16	2/3	685											79			
35	35		412/3	0.16666666666666666	1	1/3	1/3	Chord	4/4	3	1	1/24		1/16	2/3	686											79			
35	35		275/2	0.16666666666666666	1	3/8	3/8	Chord	4/4	3	1	1/24		1/16	2/3	687											79			
35	35		413/3	0.16666666666666666	1	5/12	5/12	Chord	4/4	3	1	1/24		1/16	2/3	688											79			
35	35		827/6	0.16666666666666666	1	11/24	11/24	Chord	4/4	3	1	1/24		1/16	2/3	689														
35	35		139	0.5	1	3/4	3/4	Chord	4/4	3	1	1/8		1/8	1	690														
36	35	136	140	3.0	2	0	0	Chord	4/4	1	1	3/4		1/2	3/2	691	Lust.													
36	35	138	142	0.5	2	1/2	1/2	Chord	4/4	2	1	1/8		1/8	1	692														
36	35	139	143	0.5	2	3/4	3/4	Chord	4/4	2	1	1/8		1/8	1	693														
36	35	136	140	0.16666666666666666	2	0	0	Chord	4/4	3	1	1/24		1/16	2/3	694											80			
36	35	817/6	841/6	0.16666666666666666	2	1/24	1/24	Chord	4/4	3	1	1/24		1/16	2/3	695											80			
36	35	409/3	421/3	0.16666666666666666	2	1/12	1/12	Chord	4/4	3	1	1/24		1/16	2/3	696											80			
36	35	273/2	281/2	0.16666666666666666	2	1/8	1/8	Chord	4/4	3	1	1/24		1/16	2/3	697											80			
36	35	410/3	422/3	0.16666666666666666	2	1/6	1/6	Chord	4/4	3	1	1/24		1/16	2/3	698											80			
36	35	821/6	845/6	0.16666666666666666	2	5/24	5/24	Chord	4/4	3	1	1/24		1/16	2/3	699														
36	35	137	141	0.16666666666666666	2	1/4	1/4	Chord	4/4	3	1	1/24		1/16	2/3	700											81			
36	35	823/6	847/6	0.16666666666666666	2	7/24	7/24	Chord	4/4	3	1	1/24		1/16	2/3	701											81			
36	35	412/3	424/3	0.16666666666666666	2	1/3	1/3	Chord	4/4	3	1	1/24		1/16	2/3	702											81			
36	35	275/2	283/2	0.16666666666666666	2	3/8	3/8	Chord	4/4	3	1	1/24		1/16	2/3	703											81			
36	35	413/3	425/3	0.16666666666666666	2	5/12	5/12	Chord	4/4	3	1	1/24		1/16	2/3	704											81			
36	35	827/6	851/6	0.16666666666666666	2	11/24	11/24	Chord	4/4	3	1	1/24		1/16	2/3	705														
36	35	139	143	0.5	2	3/4	3/4	Chord	4/4	3	1	1/8		1/8	1	706														
37	36	140	144	1.0		0	0	Chord	4/4	2	1	1/4		1/4	1	707														
37	36	141	145	1.0		1/4	1/4	Chord	4/4	2	1	1/4		1/4	1	708														
37	36	142	146	0.5		1/2	1/2	Chord	4/4	2	1	1/8		1/8	1	709														
37	36	143	147	0.5		3/4	3/4	Chord	4/4	2	1	1/8		1/8	1	710														
37	36	140	144	0.16666666666666666		0	0	Chord	4/4	3	1	1/24		1/16	2/3	711											82			
37	36	841/6	865/6	0.16666666666666666		1/24	1/24	Chord	4/4	3	1	1/24		1/16	2/3	712											82			
37	36	421/3	433/3	0.16666666666666666		1/12	1/12	Chord	4/4	3	1	1/24		1/16	2/3	713											82			
37	36	281/2	289/2	0.16666666666666666		1/8	1/8	Chord	4/4	3	1	1/24		1/16	2/3	714											82			
37	36	422/3	434/3	0.16666666666666666		1/6	1/6	Chord	4/4	3	1	1/24		1/16	2/3	715											82			
37	36	845/6	869/6	0.16666666666666666		5/24	5/24	Chord	4/4	3	1	1/24		1/16	2/3	716														
37	36	141	145	0.2		1/4	1/4	Chord	4/4	3	1	1/20		1/16	4/5	717											83			
37	36	706/5	726/5	0.2		3/10	3/10	Chord	4/4	3	1	1/20		1/16	4/5	718											83			
37	36	707/5	727/5	0.2		7/20	7/20	Chord	4/4	3	1	1/20		1/16	4/5	719											83			
37	36	708/5	728/5	0.2		2/5	2/5	Chord	4/4	3	1	1/20		1/16	4/5	720											83			
37	36	709/5	729/5	0.2		9/20	9/20	Chord	4/4	3	1	1/20		1/16	4/5	721											83			
37	36	143	147	0.5		3/4	3/4	Chord	4/4	3	1	1/8		1/8	1	722														
38	37	144	148	0.125		0	0	Chord	4/4	3	1	1/32		1/32	1	723											84			
38	37	1153/8	1185/8	0.125		1/32	1/32	Chord	4/4	3	1	1/32		1/32	1	724											84			
38	37	577/4	593/4	0.125		1/16	1/16	Chord	4/4	3	1	1/32		1/32	1	725											84			
38	37	1155/8	1187/8	0.125		3/32	3/32	Chord	4/4	3	1	1/32		1/32	1	726											84			
38	37	289/2	297/2	0.125		1/8	1/8	Chord	4/4	3	1	1/32		1/32	1	727											84			
38	37	1157/8	1189/8	0.125		5/32	5/32	Chord	4/4	3	1	1/32		1/32	1	728											84			
38	37	579/4	595/4	0.125		3/16	3/16	Chord	4/4	3	1	1/32		1/32	1	729											84			
38	37	1159/8	1191/8	0.125		7/32	7/32	Chord	4/4	3	1	1/32		1/32	1	730														
38	37	145	149	0.125		1/4	1/4	Chord	4/4	3	1	1/32		1/32	1	731											85			
38	37	1161/8	1193/8	0.125		9/32	9/32	Chord	4/4	3	1	1/32		1/32	1	732											85			
38	37	581/4	597/4	0.125		5/16	5/16	Chord	4/4	3	1	1/32		1/32	1	733											85			
38	37	1163/8	1195/8	0.125		11/32	11/32	Chord	4/4	3	1	1/32		1/32	1	734											85			
38	37	291/2	299/2	0.125		3/8	3/8	Chord	4/4	3	1	1/32		1/32	1	735											85			
38	37	1165/8	1197/8	0.125		13/32	13/32	Chord	4/4	3	1	1/32		1/32	1	736											85			
38	37	583/4	599/4	0.0		7/16	7/16	Spanner	4/4	3	1	0															85	0		
38	37	583/4	599/4	0.125		7/16	7/16	Chord	4/4	3	1	1/32		1/32	1	737											85	0		
38	37	1167/8	1199/8	0.125		15/32	15/32	Chord	4/4	3	1	1/32		1/32	1	738												0		
38	37	146	150	0.16666666666666666		1/2	1/2	Chord	4/4	3	1	1/24		1/16	2/3	739											86	0		
38	37	877/6	901/6	0.16666666666666666		13/24	13/24	Chord	4/4	3	1	1/24		1/16	2/3	740											86	0		
38	37	439/3	451/3	0.16666666666666666		7/12	7/12	Chord	4/4	3	1	1/24		1/16	2/3	741											86	0		
38	37	293/2	301/2	0.16666666666666666		5/8	5/8	Chord	4/4	3	1	1/24		1/16	2/3	742											86	0		
38	37	440/3	452/3	0.16666666666666666		2/3	2/3	Chord	4/4	3	1	1/24		1/16	2/3	743											86	0		
38	37	881/6	905/6	0.16666666666666666		17/24	17/24	Chord	4/4	3	1	1/24		1/16	2/3	744												0		
38	37	147	151	0.16666666666666666		3/4	3/4	Chord	4/4	3	1	1/24		1/16	2/3	745											87	0		
38	37	883/6	907/6	0.16666666666666666		19/24	19/24	Chord	4/4	3	1	1/24		1/16	2/3	746											87	0		
38	37	442/3	454/3	0.16666666666666666		5/6	5/6	Chord	4/4	3	1	1/24		1/16	2/3	747											87	0		
38	37	295/2	303/2	0.16666666666666666		7/8	7/8	Chord	4/4	3	1	1/24		1/16	2/3	748											87	0		
38	37	443/3	455/3	0.16666666666666666		11/12	11/12	Chord	4/4	3	1	1/24		1/16	2/3	749											87	0		
38	37	887/6	911/6	0.16666666666666666		23/24	23/24	Chord	4/4	3	1	1/24		1/16	2/3	750												0		
39	38	889/6	913/6	0.0		1/24	1/24	Dynamic	4/4	2	1	0							pp											
39	38	148	152	0.0		0	0	Spanner	4/4	3	1	0																		
39	38	148	152	0.16666666666666666		0	0	Chord	4/4	3	1	1/24		1/16	2/3	751											88			
39	38	889/6	913/6	0.16666666666666666		1/24	1/24	Chord	4/4	3	1	1/24		1/16	2/3	752											88			
39	38	445/3	457/3	0.16666666666666666		1/12	1/12	Chord	4/4	3	1	1/24		1/16	2/3	753											88			
39	38	297/2	305/2	0.16666666666666666		1/8	1/8	Chord	4/4	3	1	1/24		1/16	2/3	754											88			
39	38	446/3	458/3	0.16666666666666666		1/6	1/6	Chord	4/4	3	1	1/24		1/16	2/3	755											88			
39	38	893/6	917/6	0.16666666666666666		5/24	5/24	Chord	4/4	3	1	1/24		1/16	2/3	756														
39	38	149	153	0.16666666666666666		1/4	1/4	Chord	4/4	3	1	1/24		1/16	2/3	757											89			
39	38	895/6	919/6	0.16666666666666666		7/24	7/24	Chord	4/4	3	1	1/24		1/16	2/3	758											89			
39	38	448/3	460/3	0.16666666666666666		1/3	1/3	Chord	4/4	3	1	1/24		1/16	2/3	759											89			
39	38	299/2	307/2	0.125		3/8	3/8	Chord	4/4	3	1	1/32		1/32	1	760											89			
39	38	1197/8	1229/8	0.125		13/32	13/32	Chord	4/4	3	1	1/32		1/32	1	761											89			
39	38	599/4	615/4	0.125		7/16	7/16	Chord	4/4	3	1	1/32		1/32	1	762											89			
39	38	1199/8	1231/8	0.125		15/32	15/32	Chord	4/4	3	1	1/32		1/32	1	763														
39	38	150	154	0.5		1/2	1/2	Chord	4/4	3	1	1/8		1/8	1	764														
