mc	mn	quarterbeats	duration_qb	mc_onset	mn_onset	timesig	staff	voice	duration	nominal_duration	scalar	tied	tpc	midi	name	octave	chord_id
1	1	0	0.5	0	0	6/8	3	1	1/8	1/8	1		-5	37	Db2	2	5
1	1	1/2	0.5	1/8	1/8	6/8	3	1	1/8	1/8	1		-5	49	Db3	3	6
1	1	1	0.5	1/4	1/4	6/8	3	1	1/8	1/8	1		-4	56	Ab3	3	7
1	1	1	0.5	1/4	1/4	6/8	3	1	1/8	1/8	1		-5	61	Db4	4	7
1	1	1	0.5	1/4	1/4	6/8	2	1	1/8	1/8	1		-1	65	F4	4	1
1	1	1	0.5	1/4	1/4	6/8	2	1	1/8	1/8	1		-4	68	Ab4	4	1
1	1	3/2	0.5	3/8	3/8	6/8	3	1	1/8	1/8	1		-2	58	Bb3	3	8
1	1	3/2	0.5	3/8	3/8	6/8	3	1	1/8	1/8	1		-5	61	Db4	4	8
1	1	3/2	0.5	3/8	3/8	6/8	2	1	1/8	1/8	1		-6	66	Gb4	4	2
1	1	3/2	0.5	3/8	3/8	6/8	2	1	1/8	1/8	1		-4	68	Ab4	4	2
1	1	2	0.5	1/2	1/2	6/8	3	1	1/8	1/8	1		-2	58	Bb3	3	9
1	1	2	0.5	1/2	1/2	6/8	3	1	1/8	1/8	1		-5	61	Db4	4	9
1	1	2	0.5	1/2	1/2	6/8	2	1	1/8	1/8	1		-6	66	Gb4	4	3
1	1	2	0.5	1/2	1/2	6/8	2	1	1/8	1/8	1		-4	68	Ab4	4	3
1	1	5/2	0.5	5/8	5/8	6/8	3	1	1/8	1/8	1		-4	56	Ab3	3	10
1	1	5/2	0.5	5/8	5/8	6/8	3	1	1/8	1/8	1		-5	61	Db4	4	10
1	1	5/2	0.5	5/8	5/8	6/8	2	1	1/8	1/8	1		-1	65	F4	4	4
1	1	5/2	0.5	5/8	5/8	6/8	1	1	1/8	1/8	1		-4	68	Ab4	4	0
1	1	5/2	0.5	5/8	5/8	6/8	2	1	1/8	1/8	1		-4	68	Ab4	4	4
2	2	3	0.5	0	0	6/8	3	1	1/8	1/8	1		-6	54	Gb3	3	21
2	2	3	0.5	0	0	6/8	3	1	1/8	1/8	1		-4	56	Ab3	3	21
2	2	3	0.5	0	0	6/8	2	1	1/8	1/8	1		-3	63	Eb4	4	15
2	2	3	0.5	0	0	6/8	2	1	1/8	1/8	1		-4	68	Ab4	4	15
2	2	3	1.0	0	0	6/8	1	1	1/4	1/4	1		-4	68	Ab4	4	11
2	2	7/2	0.5	1/8	1/8	6/8	3	1	1/8	1/8	1		-6	54	Gb3	3	22
2	2	7/2	0.5	1/8	1/8	6/8	3	1	1/8	1/8	1		-4	56	Ab3	3	22
2	2	7/2	0.5	1/8	1/8	6/8	2	1	1/8	1/8	1		-3	63	Eb4	4	16
2	2	7/2	0.5	1/8	1/8	6/8	2	1	1/8	1/8	1		-4	68	Ab4	4	16
2	2	4	0.5	1/4	1/4	6/8	3	1	1/8	1/8	1		-1	53	F3	3	23
2	2	4	0.5	1/4	1/4	6/8	3	1	1/8	1/8	1		-4	56	Ab3	3	23
2	2	4	0.5	1/4	1/4	6/8	2	1	1/8	1/8	1		-5	61	Db4	4	17
2	2	4	0.5	1/4	1/4	6/8	1	1	1/8	1/8	1		-4	68	Ab4	4	12
2	2	4	0.5	1/4	1/4	6/8	2	1	1/8	1/8	1		-4	68	Ab4	4	17
2	2	9/2	0.5	3/8	3/8	6/8	3	1	1/8	1/8	1		-4	44	Ab2	2	24
2	2	9/2	0.5	3/8	3/8	6/8	3	1	1/8	1/8	1		-3	51	Eb3	3	24
2	2	9/2	0.5	3/8	3/8	6/8	3	1	1/8	1/8	1		-6	54	Gb3	3	24
2	2	9/2	0.5	3/8	3/8	6/8	2	1	1/8	1/8	1		0	60	C4	4	18
2	2	9/2	0.5	3/8	3/8	6/8	2	1	1/8	1/8	1		-4	68	Ab4	4	18
2	2	9/2	1.0	3/8	3/8	6/8	1	1	1/4	1/4	1		-4	68	Ab4	4	13
2	2	5	0.5	1/2	1/2	6/8	3	1	1/8	1/8	1		-4	44	Ab2	2	25
2	2	5	0.5	1/2	1/2	6/8	3	1	1/8	1/8	1		-5	49	Db3	3	25
2	2	5	0.5	1/2	1/2	6/8	3	1	1/8	1/8	1		-1	53	F3	3	25
2	2	5	0.5	1/2	1/2	6/8	2	1	1/8	1/8	1		-2	58	Bb3	3	19
2	2	5	0.5	1/2	1/2	6/8	2	1	1/8	1/8	1		-4	68	Ab4	4	19
2	2	11/2	0.5	5/8	5/8	6/8	3	1	1/8	1/8	1		-4	44	Ab2	2	26
2	2	11/2	0.5	5/8	5/8	6/8	3	1	1/8	1/8	1		-3	51	Eb3	3	26
2	2	11/2	0.5	5/8	5/8	6/8	3	1	1/8	1/8	1		-6	54	Gb3	3	26
2	2	11/2	0.5	5/8	5/8	6/8	2	1	1/8	1/8	1		0	60	C4	4	20
2	2	11/2	0.5	5/8	5/8	6/8	1	1	1/8	1/8	1		-3	63	Eb4	4	14
2	2	11/2	0.5	5/8	5/8	6/8	2	1	1/8	1/8	1		-4	68	Ab4	4	20
3	3	6	0.5	0	0	6/8	3	1	1/8	1/8	1		-5	37	Db2	2	34
3	3	6	1.0	0	0	6/8	1	1	1/4	1/4	1		-6	66	Gb4	4	27
3	3	13/2	0.5	1/8	1/8	6/8	3	1	1/8	1/8	1		-5	49	Db3	3	35
3	3	7	0.5	1/4	1/4	6/8	3	1	1/8	1/8	1		-4	56	Ab3	3	36
3	3	7	0.5	1/4	1/4	6/8	3	1	1/8	1/8	1		-5	61	Db4	4	36
3	3	7	0.5	1/4	1/4	6/8	1	1	1/8	1/8	1		-1	65	F4	4	28
3	3	7	0.5	1/4	1/4	6/8	2	1	1/8	1/8	1		-1	65	F4	4	30
3	3	7	0.5	1/4	1/4	6/8	2	1	1/8	1/8	1		-4	68	Ab4	4	30
3	3	15/2	0.5	3/8	3/8	6/8	3	1	1/8	1/8	1		-2	58	Bb3	3	37
3	3	15/2	0.5	3/8	3/8	6/8	3	1	1/8	1/8	1		-5	61	Db4	4	37
3	3	15/2	0.5	3/8	3/8	6/8	2	1	1/8	1/8	1		-6	66	Gb4	4	31
3	3	15/2	0.5	3/8	3/8	6/8	2	1	1/8	1/8	1		-4	68	Ab4	4	31
3	3	8	0.5	1/2	1/2	6/8	3	1	1/8	1/8	1		-2	58	Bb3	3	38
3	3	8	0.5	1/2	1/2	6/8	3	1	1/8	1/8	1		-5	61	Db4	4	38
3	3	8	0.5	1/2	1/2	6/8	2	1	1/8	1/8	1		-6	66	Gb4	4	32
3	3	8	0.5	1/2	1/2	6/8	2	1	1/8	1/8	1		-4	68	Ab4	4	32
3	3	17/2	0.5	5/8	5/8	6/8	3	1	1/8	1/8	1		-4	56	Ab3	3	39
3	3	17/2	0.5	5/8	5/8	6/8	3	1	1/8	1/8	1		-5	61	Db4	4	39
3	3	17/2	0.5	5/8	5/8	6/8	2	1	1/8	1/8	1		-1	65	F4	4	33
3	3	17/2	0.5	5/8	5/8	6/8	1	1	1/8	1/8	1		-4	68	Ab4	4	29
3	3	17/2	0.5	5/8	5/8	6/8	2	1	1/8	1/8	1		-4	68	Ab4	4	33
4	4	9	0.5	0	0	6/8	3	1	1/8	1/8	1		-6	54	Gb3	3	51
4	4	9	0.5	0	0	6/8	3	1	1/8	1/8	1		-4	56	Ab3	3	51
4	4	9	0.5	0	0	6/8	2	1	1/8	1/8	1		-3	63	Eb4	4	45
4	4	9	0.5	0	0	6/8	2	1	1/8	1/8	1		-4	68	Ab4	4	45
4	4	9	1.0	0	0	6/8	1	1	1/4	1/4	1		-3	75	Eb5	5	40
4	4	19/2	0.5	1/8	1/8	6/8	3	1	1/8	1/8	1		-6	54	Gb3	3	52
4	4	19/2	0.5	1/8	1/8	6/8	3	1	1/8	1/8	1		-4	56	Ab3	3	52
4	4	19/2	0.5	1/8	1/8	6/8	2	1	1/8	1/8	1		-3	63	Eb4	4	46
4	4	19/2	0.5	1/8	1/8	6/8	2	1	1/8	1/8	1		-4	68	Ab4	4	46
4	4	10	0.5	1/4	1/4	6/8	3	1	1/8	1/8	1		-1	53	F3	3	53
4	4	10	0.5	1/4	1/4	6/8	3	1	1/8	1/8	1		-4	56	Ab3	3	53
4	4	10	0.5	1/4	1/4	6/8	2	1	1/8	1/8	1		-5	61	Db4	4	47
4	4	10	0.5	1/4	1/4	6/8	2	1	1/8	1/8	1		-4	68	Ab4	4	47
4	4	10	0.5	1/4	1/4	6/8	1	1	1/8	1/8	1		-5	73	Db5	5	41
4	4	21/2	0.5	3/8	3/8	6/8	3	1	1/8	1/8	1		-4	44	Ab2	2	54
4	4	21/2	0.5	3/8	3/8	6/8	3	1	1/8	1/8	1		-3	51	Eb3	3	54
4	4	21/2	0.5	3/8	3/8	6/8	3	1	1/8	1/8	1		-6	54	Gb3	3	54
4	4	21/2	0.5	3/8	3/8	6/8	2	1	1/8	1/8	1		0	60	C4	4	48
4	4	21/2	0.5	3/8	3/8	6/8	2	1	1/8	1/8	1		-4	68	Ab4	4	48
4	4	21/2	0.5	3/8	3/8	6/8	1	1	1/8	1/8	1		0	72	C5	5	42
4	4	11	0.5	1/2	1/2	6/8	3	1	1/8	1/8	1		-4	44	Ab2	2	55
4	4	11	0.5	1/2	1/2	6/8	3	1	1/8	1/8	1		-5	49	Db3	3	55
4	4	11	0.5	1/2	1/2	6/8	3	1	1/8	1/8	1		-1	53	F3	3	55
4	4	11	0.5	1/2	1/2	6/8	2	1	1/8	1/8	1		-2	58	Bb3	3	49
4	4	11	0.5	1/2	1/2	6/8	2	1	1/8	1/8	1		-4	68	Ab4	4	49
4	4	11	0.5	1/2	1/2	6/8	1	1	1/8	1/8	1		-2	70	Bb4	4	43
4	4	23/2	0.5	5/8	5/8	6/8	3	1	1/8	1/8	1		-4	44	Ab2	2	56
4	4	23/2	0.5	5/8	5/8	6/8	3	1	1/8	1/8	1		-3	51	Eb3	3	56
4	4	23/2	0.5	5/8	5/8	6/8	3	1	1/8	1/8	1		-6	54	Gb3	3	56
4	4	23/2	0.5	5/8	5/8	6/8	2	1	1/8	1/8	1		0	60	C4	4	50
4	4	23/2	0.5	5/8	5/8	6/8	2	1	1/8	1/8	1		-4	68	Ab4	4	50
4	4	23/2	0.5	5/8	5/8	6/8	1	1	1/8	1/8	1		0	72	C5	5	44
5	5	12	0.5	0	0	6/8	3	1	1/8	1/8	1		-5	37	Db2	2	64
5	5	12	1.5	0	0	6/8	1	1	3/8	1/4	3/2	1	-5	73	Db5	5	57
5	5	25/2	0.5	1/8	1/8	6/8	3	1	1/8	1/8	1		-5	49	Db3	3	65
5	5	13	0.5	1/4	1/4	6/8	3	1	1/8	1/8	1		-4	56	Ab3	3	66
5	5	13	0.5	1/4	1/4	6/8	3	1	1/8	1/8	1		-5	61	Db4	4	66
5	5	13	0.5	1/4	1/4	6/8	2	1	1/8	1/8	1		-1	65	F4	4	60
5	5	13	0.5	1/4	1/4	6/8	2	1	1/8	1/8	1		-4	68	Ab4	4	60
5	5	27/2	0.5	3/8	3/8	6/8	3	1	1/8	1/8	1		-2	58	Bb3	3	67
5	5	27/2	0.5	3/8	3/8	6/8	3	1	1/8	1/8	1		-5	61	Db4	4	67
5	5	27/2	0.5	3/8	3/8	6/8	2	1	1/8	1/8	1		-6	66	Gb4	4	61
5	5	27/2	0.5	3/8	3/8	6/8	2	1	1/8	1/8	1		-4	68	Ab4	4	61
5	5	27/2	0.5	3/8	3/8	6/8	1	1	1/8	1/8	1	-1	-5	73	Db5	5	58
5	5	14	0.5	1/2	1/2	6/8	3	1	1/8	1/8	1		-2	58	Bb3	3	68
5	5	14	0.5	1/2	1/2	6/8	3	1	1/8	1/8	1		-5	61	Db4	4	68
5	5	14	0.5	1/2	1/2	6/8	2	1	1/8	1/8	1		-6	66	Gb4	4	62
5	5	14	0.5	1/2	1/2	6/8	2	1	1/8	1/8	1		-4	68	Ab4	4	62
5	5	29/2	0.5	5/8	5/8	6/8	3	1	1/8	1/8	1		-4	56	Ab3	3	69
5	5	29/2	0.5	5/8	5/8	6/8	3	1	1/8	1/8	1		-5	61	Db4	4	69
5	5	29/2	0.5	5/8	5/8	6/8	1	1	1/8	1/8	1		-1	65	F4	4	59
5	5	29/2	0.5	5/8	5/8	6/8	2	1	1/8	1/8	1		-1	65	F4	4	63
5	5	29/2	0.5	5/8	5/8	6/8	2	1	1/8	1/8	1		-4	68	Ab4	4	63
6	6	15	0.5	0	0	6/8	3	1	1/8	1/8	1		-1	41	F2	2	80
6	6	15	1.0	0	0	6/8	1	1	1/4	1/4	1		0	72	C5	5	70
6	6	31/2	0.5	1/8	1/8	6/8	3	1	1/8	1/8	1		-1	53	F3	3	81
6	6	31/2	0.5	1/8	1/8	6/8	3	1	1/8	1/8	1		3	57	A3	3	81
6	6	31/2	0.5	1/8	1/8	6/8	2	1	1/8	1/8	1		-3	63	Eb4	4	75
6	6	31/2	0.5	1/8	1/8	6/8	2	1	1/8	1/8	1		0	72	C5	5	75
6	6	16	0.5	1/4	1/4	6/8	3	1	1/8	1/8	1		-1	53	F3	3	82
6	6	16	0.5	1/4	1/4	6/8	3	1	1/8	1/8	1		-2	58	Bb3	3	82
6	6	16	0.5	1/4	1/4	6/8	2	1	1/8	1/8	1		-3	63	Eb4	4	76
6	6	16	0.5	1/4	1/4	6/8	1	1	1/8	1/8	1		1	67	G4	4	71
6	6	16	0.5	1/4	1/4	6/8	2	1	1/8	1/8	1		1	67	G4	4	76
6	6	33/2	0.5	3/8	3/8	6/8	3	1	1/8	1/8	1		-1	53	F3	3	83
6	6	33/2	0.5	3/8	3/8	6/8	3	1	1/8	1/8	1		0	60	C4	4	83
6	6	33/2	0.5	3/8	3/8	6/8	2	1	1/8	1/8	1		-3	63	Eb4	4	77
6	6	33/2	0.5	3/8	3/8	6/8	1	1	1/8	1/8	1		3	69	A4	4	72
6	6	33/2	0.5	3/8	3/8	6/8	2	1	1/8	1/8	1		3	69	A4	4	77
6	6	17	0.5	1/2	1/2	6/8	3	1	1/8	1/8	1		-1	53	F3	3	84
6	6	17	0.5	1/2	1/2	6/8	3	1	1/8	1/8	1		-2	58	Bb3	3	84
6	6	17	0.5	1/2	1/2	6/8	2	1	1/8	1/8	1		-3	63	Eb4	4	78
6	6	17	0.5	1/2	1/2	6/8	1	1	1/8	1/8	1		-2	70	Bb4	4	73
6	6	17	0.5	1/2	1/2	6/8	2	1	1/8	1/8	1		-2	70	Bb4	4	78
6	6	35/2	0.5	5/8	5/8	6/8	3	1	1/8	1/8	1		-1	53	F3	3	85
6	6	35/2	0.5	5/8	5/8	6/8	3	1	1/8	1/8	1		3	57	A3	3	85
6	6	35/2	0.5	5/8	5/8	6/8	2	1	1/8	1/8	1		-3	63	Eb4	4	79
6	6	35/2	0.5	5/8	5/8	6/8	1	1	1/8	1/8	1		0	72	C5	5	74
6	6	35/2	0.5	5/8	5/8	6/8	2	1	1/8	1/8	1		0	72	C5	5	79
7	7	18	0.5	0	0	6/8	3	1	1/8	1/8	1		-2	46	Bb2	2	94
7	7	18	1.0	0	0	6/8	1	1	1/4	1/4	1		-3	75	Eb5	5	86
7	7	37/2	0.5	1/8	1/8	6/8	3	1	1/8	1/8	1		3	57	A3	3	95
7	7	37/2	0.5	1/8	1/8	6/8	3	1	1/8	1/8	1		0	60	C4	4	95
7	7	37/2	0.5	1/8	1/8	6/8	2	1	1/8	1/8	1		-6	66	Gb4	4	89
7	7	37/2	0.5	1/8	1/8	6/8	2	1	1/8	1/8	1		-3	75	Eb5	5	89
7	7	19	0.5	1/4	1/4	6/8	3	1	1/8	1/8	1		-2	58	Bb3	3	96
7	7	19	0.5	1/4	1/4	6/8	3	1	1/8	1/8	1		-5	61	Db4	4	96
7	7	19	0.5	1/4	1/4	6/8	2	1	1/8	1/8	1		-1	65	F4	4	90
7	7	19	0.5	1/4	1/4	6/8	1	1	1/8	1/8	1		-5	73	Db5	5	87
7	7	19	0.5	1/4	1/4	6/8	2	1	1/8	1/8	1		-5	73	Db5	5	90
7	7	39/2	0.5	3/8	3/8	6/8	3	1	1/8	1/8	1		0	60	C4	4	97
7	7	39/2	0.5	3/8	3/8	6/8	3	1	1/8	1/8	1		-3	63	Eb4	4	97
7	7	39/2	0.5	3/8	3/8	6/8	2	1	1/8	1/8	1		-1	65	F4	4	91
7	7	39/2	0.5	3/8	3/8	6/8	2	1	1/8	1/8	1		3	69	A4	4	91
7	7	20	0.5	1/2	1/2	6/8	3	1	1/8	1/8	1		0	60	C4	4	98
7	7	20	0.5	1/2	1/2	6/8	3	1	1/8	1/8	1		-3	63	Eb4	4	98
7	7	20	0.5	1/2	1/2	6/8	2	1	1/8	1/8	1		-1	65	F4	4	92
7	7	20	0.5	1/2	1/2	6/8	2	1	1/8	1/8	1		3	69	A4	4	92
7	7	41/2	0.5	5/8	5/8	6/8	3	1	1/8	1/8	1		-5	61	Db4	4	99
7	7	41/2	0.5	5/8	5/8	6/8	2	1	1/8	1/8	1		-1	65	F4	4	93
7	7	41/2	0.5	5/8	5/8	6/8	1	1	1/8	1/8	1		-2	70	Bb4	4	88
7	7	41/2	0.5	5/8	5/8	6/8	2	1	1/8	1/8	1		-2	70	Bb4	4	93
8	8	21	0.5	0	0	6/8	3	1	1/8	1/8	1		-3	39	Eb2	2	109
8	8	21	1.0	0	0	6/8	1	1	1/4	1/4	1		-5	73	Db5	5	100
8	8	43/2	0.5	1/8	1/8	6/8	3	1	1/8	1/8	1		1	55	G3	3	110
8	8	43/2	0.5	1/8	1/8	6/8	3	1	1/8	1/8	1		-2	58	Bb3	3	110
8	8	43/2	0.5	1/8	1/8	6/8	2	1	1/8	1/8	1		-1	65	F4	4	104
8	8	43/2	0.5	1/8	1/8	6/8	2	1	1/8	1/8	1		-5	73	Db5	5	104
8	8	22	0.5	1/4	1/4	6/8	3	1	1/8	1/8	1		-4	56	Ab3	3	111
8	8	22	0.5	1/4	1/4	6/8	3	1	1/8	1/8	1		0	60	C4	4	111
8	8	22	0.5	1/4	1/4	6/8	2	1	1/8	1/8	1		-3	63	Eb4	4	105
8	8	22	0.5	1/4	1/4	6/8	1	1	1/8	1/8	1		0	72	C5	5	101
8	8	22	0.5	1/4	1/4	6/8	2	1	1/8	1/8	1		0	72	C5	5	105
8	8	45/2	0.5	3/8	3/8	6/8	3	1	1/8	1/8	1		-2	58	Bb3	3	112
8	8	45/2	0.5	3/8	3/8	6/8	3	1	1/8	1/8	1		-5	61	Db4	4	112
8	8	45/2	0.5	3/8	3/8	6/8	2	1	1/8	1/8	1		-3	63	Eb4	4	106
8	8	45/2	0.5	3/8	3/8	6/8	2	1	1/8	1/8	1		1	67	G4	4	106
8	8	45/2	1.0	3/8	3/8	6/8	1	1	1/4	1/4	1		1	67	G4	4	102
8	8	23	0.5	1/2	1/2	6/8	3	1	1/8	1/8	1		-2	58	Bb3	3	113
8	8	23	0.5	1/2	1/2	6/8	3	1	1/8	1/8	1		-5	61	Db4	4	113
8	8	23	0.5	1/2	1/2	6/8	2	1	1/8	1/8	1		-3	63	Eb4	4	107
8	8	23	0.5	1/2	1/2	6/8	2	1	1/8	1/8	1		1	67	G4	4	107
8	8	47/2	0.5	5/8	5/8	6/8	3	1	1/8	1/8	1		0	60	C4	4	114
8	8	47/2	0.5	5/8	5/8	6/8	2	1	1/8	1/8	1		-3	63	Eb4	4	108
8	8	47/2	0.5	5/8	5/8	6/8	1	1	1/8	1/8	1		-4	68	Ab4	4	103
8	8	47/2	0.5	5/8	5/8	6/8	2	1	1/8	1/8	1		-4	68	Ab4	4	108
9	9	24	0.5	0	0	6/8	3	1	1/8	1/8	1		-4	32	Ab1	1	120
9	9	24	3.0	0	0	6/8	1	1	3/4	1/2	3/2		-4	68	Ab4	4	115
9	9	49/2	0.5	1/8	1/8	6/8	3	1	1/8	1/8	1		-4	44	Ab2	2	121
9	9	25	0.5	1/4	1/4	6/8	3	1	1/8	1/8	1		-3	51	Eb3	3	122
9	9	25	0.5	1/4	1/4	6/8	2	1	1/8	1/8	1		0	60	C4	4	116
9	9	51/2	0.5	3/8	3/8	6/8	3	1	1/8	1/8	1		-6	54	Gb3	3	123
9	9	51/2	0.5	3/8	3/8	6/8	3	1	1/8	1/8	1		-4	56	Ab3	3	123
9	9	51/2	0.5	3/8	3/8	6/8	2	1	1/8	1/8	1		-3	63	Eb4	4	117
9	9	51/2	0.5	3/8	3/8	6/8	2	1	1/8	1/8	1		-4	68	Ab4	4	117
9	9	26	0.5	1/2	1/2	6/8	3	1	1/8	1/8	1		-6	54	Gb3	3	124
9	9	26	0.5	1/2	1/2	6/8	3	1	1/8	1/8	1		-4	56	Ab3	3	124
9	9	26	0.5	1/2	1/2	6/8	2	1	1/8	1/8	1		-3	63	Eb4	4	118
9	9	26	0.5	1/2	1/2	6/8	2	1	1/8	1/8	1		-4	68	Ab4	4	118
9	9	53/2	0.5	5/8	5/8	6/8	3	1	1/8	1/8	1		-1	53	F3	3	125
9	9	53/2	0.5	5/8	5/8	6/8	3	1	1/8	1/8	1		-4	56	Ab3	3	125
9	9	53/2	0.5	5/8	5/8	6/8	2	1	1/8	1/8	1		-5	61	Db4	4	119
9	9	53/2	0.5	5/8	5/8	6/8	2	1	1/8	1/8	1		-4	68	Ab4	4	119
10	10	27	0.5	0	0	6/8	3	1	1/8	1/8	1		-4	44	Ab2	2	131
10	10	27	1.5	0	0	6/8	3	2	3/8	1/4	3/2		-4	44	Ab2	2	137
10	10	55/2	0.5	1/8	1/8	6/8	3	1	1/8	1/8	1		-3	51	Eb3	3	132
10	10	28	0.5	1/4	1/4	6/8	3	1	1/8	1/8	1		0	60	C4	4	133
10	10	28	0.5	1/4	1/4	6/8	2	1	1/8	1/8	1		-4	68	Ab4	4	127
10	10	57/2	0.5	3/8	3/8	6/8	3	1	1/8	1/8	1		-2	58	Bb3	3	134
10	10	57/2	0.5	3/8	3/8	6/8	3	1	1/8	1/8	1		-5	61	Db4	4	134
10	10	57/2	0.5	3/8	3/8	6/8	2	1	1/8	1/8	1		-6	66	Gb4	4	128
10	10	57/2	0.5	3/8	3/8	6/8	2	1	1/8	1/8	1		-4	68	Ab4	4	128
10	10	29	0.5	1/2	1/2	6/8	3	1	1/8	1/8	1		-2	58	Bb3	3	135
10	10	29	0.5	1/2	1/2	6/8	3	1	1/8	1/8	1		-5	61	Db4	4	135
10	10	29	0.5	1/2	1/2	6/8	2	1	1/8	1/8	1		-6	66	Gb4	4	129
10	10	29	0.5	1/2	1/2	6/8	2	1	1/8	1/8	1		-4	68	Ab4	4	129
10	10	59/2	0.5	5/8	5/8	6/8	3	1	1/8	1/8	1		-4	56	Ab3	3	136
10	10	59/2	0.5	5/8	5/8	6/8	3	1	1/8	1/8	1		-5	61	Db4	4	136
10	10	59/2	0.5	5/8	5/8	6/8	2	1	1/8	1/8	1		-1	65	F4	4	130
10	10	59/2	0.5	5/8	5/8	6/8	1	1	1/8	1/8	1		-4	68	Ab4	4	126
10	10	59/2	0.5	5/8	5/8	6/8	2	1	1/8	1/8	1		-4	68	Ab4	4	130
11	11	30	0.5	0	0	6/8	3	1	1/8	1/8	1		-6	54	Gb3	3	148
11	11	30	0.5	0	0	6/8	3	1	1/8	1/8	1		-4	56	Ab3	3	148
11	11	30	0.5	0	0	6/8	2	1	1/8	1/8	1		-3	63	Eb4	4	142
11	11	30	0.5	0	0	6/8	2	1	1/8	1/8	1		-4	68	Ab4	4	142
11	11	30	1.0	0	0	6/8	1	1	1/4	1/4	1		-4	68	Ab4	4	138
11	11	61/2	0.5	1/8	1/8	6/8	3	1	1/8	1/8	1		-6	54	Gb3	3	149
11	11	61/2	0.5	1/8	1/8	6/8	3	1	1/8	1/8	1		-4	56	Ab3	3	149
11	11	61/2	0.5	1/8	1/8	6/8	2	1	1/8	1/8	1		-3	63	Eb4	4	143
11	11	61/2	0.5	1/8	1/8	6/8	2	1	1/8	1/8	1		-4	68	Ab4	4	143
11	11	31	0.5	1/4	1/4	6/8	3	1	1/8	1/8	1		-1	53	F3	3	150
11	11	31	0.5	1/4	1/4	6/8	3	1	1/8	1/8	1		-4	56	Ab3	3	150
11	11	31	0.5	1/4	1/4	6/8	2	1	1/8	1/8	1		-5	61	Db4	4	144
11	11	31	0.5	1/4	1/4	6/8	1	1	1/8	1/8	1		-4	68	Ab4	4	139
11	11	31	0.5	1/4	1/4	6/8	2	1	1/8	1/8	1		-4	68	Ab4	4	144
11	11	63/2	0.5	3/8	3/8	6/8	3	1	1/8	1/8	1		-4	44	Ab2	2	151
11	11	63/2	0.5	3/8	3/8	6/8	3	1	1/8	1/8	1		-3	51	Eb3	3	151
11	11	63/2	0.5	3/8	3/8	6/8	3	1	1/8	1/8	1		-6	54	Gb3	3	151
11	11	63/2	0.5	3/8	3/8	6/8	2	1	1/8	1/8	1		0	60	C4	4	145
11	11	63/2	0.5	3/8	3/8	6/8	2	1	1/8	1/8	1		-4	68	Ab4	4	145
11	11	63/2	1.0	3/8	3/8	6/8	1	1	1/4	1/4	1		-4	68	Ab4	4	140
11	11	32	0.5	1/2	1/2	6/8	3	1	1/8	1/8	1		-4	44	Ab2	2	152
11	11	32	0.5	1/2	1/2	6/8	3	1	1/8	1/8	1		-5	49	Db3	3	152
11	11	32	0.5	1/2	1/2	6/8	3	1	1/8	1/8	1		-1	53	F3	3	152
11	11	32	0.5	1/2	1/2	6/8	2	1	1/8	1/8	1		-2	58	Bb3	3	146
11	11	32	0.5	1/2	1/2	6/8	2	1	1/8	1/8	1		-4	68	Ab4	4	146
11	11	65/2	0.5	5/8	5/8	6/8	3	1	1/8	1/8	1		-4	44	Ab2	2	153
11	11	65/2	0.5	5/8	5/8	6/8	3	1	1/8	1/8	1		-3	51	Eb3	3	153
11	11	65/2	0.5	5/8	5/8	6/8	3	1	1/8	1/8	1		-6	54	Gb3	3	153
11	11	65/2	0.5	5/8	5/8	6/8	2	1	1/8	1/8	1		0	60	C4	4	147
11	11	65/2	0.5	5/8	5/8	6/8	1	1	1/8	1/8	1		-3	63	Eb4	4	141
11	11	65/2	0.5	5/8	5/8	6/8	2	1	1/8	1/8	1		-4	68	Ab4	4	147
12	12	33	0.5	0	0	6/8	3	1	1/8	1/8	1		-5	37	Db2	2	161
12	12	33	1.0	0	0	6/8	1	1	1/4	1/4	1		-6	66	Gb4	4	154
12	12	67/2	0.5	1/8	1/8	6/8	3	1	1/8	1/8	1		-5	49	Db3	3	162
12	12	34	0.5	1/4	1/4	6/8	3	1	1/8	1/8	1		-4	56	Ab3	3	163
12	12	34	0.5	1/4	1/4	6/8	3	1	1/8	1/8	1		-5	61	Db4	4	163
12	12	34	0.5	1/4	1/4	6/8	1	1	1/8	1/8	1		-1	65	F4	4	155
12	12	34	0.5	1/4	1/4	6/8	2	1	1/8	1/8	1		-1	65	F4	4	157
12	12	34	0.5	1/4	1/4	6/8	2	1	1/8	1/8	1		-4	68	Ab4	4	157
12	12	69/2	0.5	3/8	3/8	6/8	3	1	1/8	1/8	1		-2	58	Bb3	3	164
12	12	69/2	0.5	3/8	3/8	6/8	3	1	1/8	1/8	1		-5	61	Db4	4	164
12	12	69/2	0.5	3/8	3/8	6/8	2	1	1/8	1/8	1		-6	66	Gb4	4	158
12	12	69/2	0.5	3/8	3/8	6/8	2	1	1/8	1/8	1		-4	68	Ab4	4	158
12	12	35	0.5	1/2	1/2	6/8	3	1	1/8	1/8	1		-2	58	Bb3	3	165
12	12	35	0.5	1/2	1/2	6/8	3	1	1/8	1/8	1		-5	61	Db4	4	165
12	12	35	0.5	1/2	1/2	6/8	2	1	1/8	1/8	1		-6	66	Gb4	4	159
12	12	35	0.5	1/2	1/2	6/8	2	1	1/8	1/8	1		-4	68	Ab4	4	159
12	12	71/2	0.5	5/8	5/8	6/8	3	1	1/8	1/8	1		-4	56	Ab3	3	166
12	12	71/2	0.5	5/8	5/8	6/8	3	1	1/8	1/8	1		-5	61	Db4	4	166
12	12	71/2	0.5	5/8	5/8	6/8	2	1	1/8	1/8	1		-1	65	F4	4	160
12	12	71/2	0.5	5/8	5/8	6/8	1	1	1/8	1/8	1		-4	68	Ab4	4	156
12	12	71/2	0.5	5/8	5/8	6/8	2	1	1/8	1/8	1		-4	68	Ab4	4	160
13	13	36	0.5	0	0	6/8	3	1	1/8	1/8	1		-6	54	Gb3	3	178
13	13	36	0.5	0	0	6/8	3	1	1/8	1/8	1		-4	56	Ab3	3	178
13	13	36	0.5	0	0	6/8	2	1	1/8	1/8	1		-3	63	Eb4	4	172
13	13	36	0.5	0	0	6/8	2	1	1/8	1/8	1		-4	68	Ab4	4	172
13	13	36	1.0	0	0	6/8	1	1	1/4	1/4	1		-3	75	Eb5	5	167
13	13	73/2	0.5	1/8	1/8	6/8	3	1	1/8	1/8	1		-6	54	Gb3	3	179
13	13	73/2	0.5	1/8	1/8	6/8	3	1	1/8	1/8	1		-4	56	Ab3	3	179
13	13	73/2	0.5	1/8	1/8	6/8	2	1	1/8	1/8	1		-3	63	Eb4	4	173
13	13	73/2	0.5	1/8	1/8	6/8	2	1	1/8	1/8	1		-4	68	Ab4	4	173
13	13	37	0.5	1/4	1/4	6/8	3	1	1/8	1/8	1		-1	53	F3	3	180
13	13	37	0.5	1/4	1/4	6/8	3	1	1/8	1/8	1		-4	56	Ab3	3	180
13	13	37	0.5	1/4	1/4	6/8	2	1	1/8	1/8	1		-5	61	Db4	4	174
13	13	37	0.5	1/4	1/4	6/8	2	1	1/8	1/8	1		-4	68	Ab4	4	174
13	13	37	0.5	1/4	1/4	6/8	1	1	1/8	1/8	1		-5	73	Db5	5	168
13	13	75/2	0.5	3/8	3/8	6/8	3	1	1/8	1/8	1		-4	44	Ab2	2	181
13	13	75/2	0.5	3/8	3/8	6/8	3	1	1/8	1/8	1		-3	51	Eb3	3	181
13	13	75/2	0.5	3/8	3/8	6/8	3	1	1/8	1/8	1		-6	54	Gb3	3	181
13	13	75/2	0.5	3/8	3/8	6/8	2	1	1/8	1/8	1		0	60	C4	4	175
13	13	75/2	0.5	3/8	3/8	6/8	2	1	1/8	1/8	1		-4	68	Ab4	4	175
13	13	75/2	0.5	3/8	3/8	6/8	1	1	1/8	1/8	1		0	72	C5	5	169
13	13	38	0.5	1/2	1/2	6/8	3	1	1/8	1/8	1		-4	44	Ab2	2	182
13	13	38	0.5	1/2	1/2	6/8	3	1	1/8	1/8	1		-5	49	Db3	3	182
13	13	38	0.5	1/2	1/2	6/8	3	1	1/8	1/8	1		-1	53	F3	3	182
13	13	38	0.5	1/2	1/2	6/8	2	1	1/8	1/8	1		-2	58	Bb3	3	176
13	13	38	0.5	1/2	1/2	6/8	2	1	1/8	1/8	1		-4	68	Ab4	4	176
13	13	38	0.5	1/2	1/2	6/8	1	1	1/8	1/8	1		-2	70	Bb4	4	170
13	13	77/2	0.5	5/8	5/8	6/8	3	1	1/8	1/8	1		-4	44	Ab2	2	183
13	13	77/2	0.5	5/8	5/8	6/8	3	1	1/8	1/8	1		-3	51	Eb3	3	183
13	13	77/2	0.5	5/8	5/8	6/8	3	1	1/8	1/8	1		-6	54	Gb3	3	183
13	13	77/2	0.5	5/8	5/8	6/8	2	1	1/8	1/8	1		0	60	C4	4	177
13	13	77/2	0.5	5/8	5/8	6/8	2	1	1/8	1/8	1		-4	68	Ab4	4	177
13	13	77/2	0.5	5/8	5/8	6/8	1	1	1/8	1/8	1		0	72	C5	5	171
14	14	39	0.5	0	0	6/8	3	1	1/8	1/8	1		-5	37	Db2	2	191
14	14	39	1.5	0	0	6/8	1	1	3/8	1/4	3/2	1	-5	73	Db5	5	184
14	14	79/2	0.5	1/8	1/8	6/8	3	1	1/8	1/8	1		-5	49	Db3	3	192
14	14	40	0.5	1/4	1/4	6/8	3	1	1/8	1/8	1		-4	56	Ab3	3	193
14	14	40	0.5	1/4	1/4	6/8	3	1	1/8	1/8	1		-5	61	Db4	4	193
14	14	40	0.5	1/4	1/4	6/8	2	1	1/8	1/8	1		-1	65	F4	4	187
14	14	40	0.5	1/4	1/4	6/8	2	1	1/8	1/8	1		-4	68	Ab4	4	187
14	14	81/2	0.5	3/8	3/8	6/8	3	1	1/8	1/8	1		-2	58	Bb3	3	194
14	14	81/2	0.5	3/8	3/8	6/8	3	1	1/8	1/8	1		-5	61	Db4	4	194
14	14	81/2	0.5	3/8	3/8	6/8	2	1	1/8	1/8	1		-6	66	Gb4	4	188
14	14	81/2	0.5	3/8	3/8	6/8	2	1	1/8	1/8	1		-4	68	Ab4	4	188
14	14	81/2	1.0	3/8	3/8	6/8	1	1	1/4	1/4	1	-1	-5	73	Db5	5	185
14	14	41	0.5	1/2	1/2	6/8	3	1	1/8	1/8	1		-2	58	Bb3	3	195
14	14	41	0.5	1/2	1/2	6/8	3	1	1/8	1/8	1		-5	61	Db4	4	195
14	14	41	0.5	1/2	1/2	6/8	2	1	1/8	1/8	1		-6	66	Gb4	4	189
14	14	41	0.5	1/2	1/2	6/8	2	1	1/8	1/8	1		-4	68	Ab4	4	189
14	14	83/2	0.5	5/8	5/8	6/8	3	1	1/8	1/8	1		-4	56	Ab3	3	196
14	14	83/2	0.5	5/8	5/8	6/8	3	1	1/8	1/8	1		-5	61	Db4	4	196
14	14	83/2	0.5	5/8	5/8	6/8	1	1	1/8	1/8	1		-1	65	F4	4	186
14	14	83/2	0.5	5/8	5/8	6/8	2	1	1/8	1/8	1		-1	65	F4	4	190
14	14	83/2	0.5	5/8	5/8	6/8	2	1	1/8	1/8	1		-4	68	Ab4	4	190
15	15	42	0.5	0	0	6/8	3	1	1/8	1/8	1		-1	41	F2	2	207
15	15	42	1.0	0	0	6/8	1	1	1/4	1/4	1		0	72	C5	5	197
15	15	85/2	0.5	1/8	1/8	6/8	3	1	1/8	1/8	1		-1	53	F3	3	208
15	15	85/2	0.5	1/8	1/8	6/8	3	1	1/8	1/8	1		3	57	A3	3	208
15	15	85/2	0.5	1/8	1/8	6/8	2	1	1/8	1/8	1		-3	63	Eb4	4	202
15	15	85/2	0.5	1/8	1/8	6/8	2	1	1/8	1/8	1		0	72	C5	5	202
15	15	43	0.5	1/4	1/4	6/8	3	1	1/8	1/8	1		-1	53	F3	3	209
15	15	43	0.5	1/4	1/4	6/8	3	1	1/8	1/8	1		-2	58	Bb3	3	209
15	15	43	0.5	1/4	1/4	6/8	2	1	1/8	1/8	1		-3	63	Eb4	4	203
15	15	43	0.5	1/4	1/4	6/8	1	1	1/8	1/8	1		1	67	G4	4	198
15	15	43	0.5	1/4	1/4	6/8	2	1	1/8	1/8	1		1	67	G4	4	203
15	15	87/2	0.5	3/8	3/8	6/8	3	1	1/8	1/8	1		-1	53	F3	3	210
15	15	87/2	0.5	3/8	3/8	6/8	3	1	1/8	1/8	1		0	60	C4	4	210
15	15	87/2	0.5	3/8	3/8	6/8	2	1	1/8	1/8	1		-3	63	Eb4	4	204
15	15	87/2	0.5	3/8	3/8	6/8	1	1	1/8	1/8	1		3	69	A4	4	199
15	15	87/2	0.5	3/8	3/8	6/8	2	1	1/8	1/8	1		3	69	A4	4	204
15	15	44	0.5	1/2	1/2	6/8	3	1	1/8	1/8	1		-1	53	F3	3	211
15	15	44	0.5	1/2	1/2	6/8	3	1	1/8	1/8	1		-2	58	Bb3	3	211
15	15	44	0.5	1/2	1/2	6/8	2	1	1/8	1/8	1		-3	63	Eb4	4	205
15	15	44	0.5	1/2	1/2	6/8	1	1	1/8	1/8	1		-2	70	Bb4	4	200
15	15	44	0.5	1/2	1/2	6/8	2	1	1/8	1/8	1		-2	70	Bb4	4	205
15	15	89/2	0.5	5/8	5/8	6/8	3	1	1/8	1/8	1		-1	53	F3	3	212
15	15	89/2	0.5	5/8	5/8	6/8	3	1	1/8	1/8	1		3	57	A3	3	212
15	15	89/2	0.5	5/8	5/8	6/8	2	1	1/8	1/8	1		-3	63	Eb4	4	206
15	15	89/2	0.5	5/8	5/8	6/8	1	1	1/8	1/8	1		0	72	C5	5	201
15	15	89/2	0.5	5/8	5/8	6/8	2	1	1/8	1/8	1		0	72	C5	5	206
16	16	45	0.5	0	0	6/8	3	1	1/8	1/8	1		-2	46	Bb2	2	220
16	16	45	1.0	0	0	6/8	1	1	1/4	1/4	1		-3	75	Eb5	5	213
16	16	91/2	0.5	1/8	1/8	6/8	3	1	1/8	1/8	1		3	57	A3	3	221
16	16	91/2	0.5	1/8	1/8	6/8	3	1	1/8	1/8	1		0	60	C4	4	221
16	16	91/2	0.5	1/8	1/8	6/8	2	1	1/8	1/8	1		-6	66	Gb4	4	215
16	16	91/2	0.5	1/8	1/8	6/8	2	1	1/8	1/8	1		-3	75	Eb5	5	215
16	16	46	0.5	1/4	1/4	6/8	3	1	1/8	1/8	1		-2	58	Bb3	3	222
16	16	46	0.5	1/4	1/4	6/8	3	1	1/8	1/8	1		-5	61	Db4	4	222
16	16	46	0.5	1/4	1/4	6/8	2	1	1/8	1/8	1		-1	65	F4	4	216
16	16	46	0.5	1/4	1/4	6/8	1	1	1/8	1/8	1		-5	73	Db5	5	214
16	16	46	0.5	1/4	1/4	6/8	2	1	1/8	1/8	1		-5	73	Db5	5	216
16	16	93/2	0.5	3/8	3/8	6/8	3	1	1/8	1/8	1		0	60	C4	4	223
16	16	93/2	0.5	3/8	3/8	6/8	3	1	1/8	1/8	1		-3	63	Eb4	4	223
16	16	93/2	0.5	3/8	3/8	6/8	2	1	1/8	1/8	1		-1	65	F4	4	217
16	16	93/2	0.5	3/8	3/8	6/8	2	1	1/8	1/8	1		3	69	A4	4	217
16	16	47	0.5	1/2	1/2	6/8	3	1	1/8	1/8	1		0	60	C4	4	224
16	16	47	0.5	1/2	1/2	6/8	3	1	1/8	1/8	1		-3	63	Eb4	4	224
16	16	47	0.5	1/2	1/2	6/8	2	1	1/8	1/8	1		-1	65	F4	4	218
16	16	47	0.5	1/2	1/2	6/8	2	1	1/8	1/8	1		3	69	A4	4	218
16	16	95/2	0.5	5/8	5/8	6/8	3	1	1/8	1/8	1		-5	61	Db4	4	225
16	16	95/2	0.5	5/8	5/8	6/8	2	1	1/8	1/8	1		-1	65	F4	4	219
16	16	95/2	0.5	5/8	5/8	6/8	2	1	1/8	1/8	1		-2	70	Bb4	4	219
17	17	48	0.5	0	0	6/8	3	1	1/8	1/8	1		-3	39	Eb2	2	236
17	17	48	0.5	0	0	6/8	1	1	1/8	1/8	1		-5	73	Db5	5	226
17	17	97/2	0.5	1/8	1/8	6/8	3	1	1/8	1/8	1		1	55	G3	3	237
17	17	97/2	0.5	1/8	1/8	6/8	3	1	1/8	1/8	1		-2	58	Bb3	3	237
17	17	97/2	0.5	1/8	1/8	6/8	2	1	1/8	1/8	1		-1	65	F4	4	231
17	17	97/2	0.5	1/8	1/8	6/8	1	1	1/8	1/8	1		-5	73	Db5	5	227
17	17	97/2	0.5	1/8	1/8	6/8	2	1	1/8	1/8	1		-5	73	Db5	5	231
17	17	49	0.5	1/4	1/4	6/8	3	1	1/8	1/8	1		-4	56	Ab3	3	238
17	17	49	0.5	1/4	1/4	6/8	3	1	1/8	1/8	1		0	60	C4	4	238
17	17	49	0.5	1/4	1/4	6/8	2	1	1/8	1/8	1		-3	63	Eb4	4	232
17	17	49	0.5	1/4	1/4	6/8	1	1	1/8	1/8	1		0	72	C5	5	228
17	17	49	0.5	1/4	1/4	6/8	2	1	1/8	1/8	1		0	72	C5	5	232
17	17	99/2	0.5	3/8	3/8	6/8	3	1	1/8	1/8	1		-2	58	Bb3	3	239
17	17	99/2	0.5	3/8	3/8	6/8	3	1	1/8	1/8	1		-5	61	Db4	4	239
17	17	99/2	0.5	3/8	3/8	6/8	2	1	1/8	1/8	1		-3	63	Eb4	4	233
17	17	99/2	0.5	3/8	3/8	6/8	2	1	1/8	1/8	1		1	67	G4	4	233
17	17	99/2	1.0	3/8	3/8	6/8	1	1	1/4	1/4	1		1	67	G4	4	229
17	17	50	0.5	1/2	1/2	6/8	3	1	1/8	1/8	1		-2	58	Bb3	3	240
17	17	50	0.5	1/2	1/2	6/8	3	1	1/8	1/8	1		-5	61	Db4	4	240
17	17	50	0.5	1/2	1/2	6/8	2	1	1/8	1/8	1		-3	63	Eb4	4	234
17	17	50	0.5	1/2	1/2	6/8	2	1	1/8	1/8	1		1	67	G4	4	234
17	17	101/2	0.5	5/8	5/8	6/8	3	1	1/8	1/8	1		0	60	C4	4	241
17	17	101/2	0.5	5/8	5/8	6/8	2	1	1/8	1/8	1		-3	63	Eb4	4	235
17	17	101/2	0.5	5/8	5/8	6/8	1	1	1/8	1/8	1		-4	68	Ab4	4	230
17	17	101/2	0.5	5/8	5/8	6/8	2	1	1/8	1/8	1		-4	68	Ab4	4	235
18	18	51	0.5	0	0	6/8	3	1	1/8	1/8	1		-4	32	Ab1	1	247
18	18	51	3.0	0	0	6/8	1	1	3/4	1/2	3/2		-4	68	Ab4	4	242
18	18	103/2	0.5	1/8	1/8	6/8	3	1	1/8	1/8	1		-4	44	Ab2	2	248
18	18	52	0.5	1/4	1/4	6/8	3	1	1/8	1/8	1		-3	51	Eb3	3	249
18	18	52	0.5	1/4	1/4	6/8	2	1	1/8	1/8	1		0	60	C4	4	243
18	18	105/2	0.5	3/8	3/8	6/8	3	1	1/8	1/8	1		-6	54	Gb3	3	250
18	18	105/2	0.5	3/8	3/8	6/8	3	1	1/8	1/8	1		-4	56	Ab3	3	250
18	18	105/2	0.5	3/8	3/8	6/8	2	1	1/8	1/8	1		-3	63	Eb4	4	244
18	18	105/2	0.5	3/8	3/8	6/8	2	1	1/8	1/8	1		-4	68	Ab4	4	244
18	18	53	0.5	1/2	1/2	6/8	3	1	1/8	1/8	1		-6	54	Gb3	3	251
18	18	53	0.5	1/2	1/2	6/8	3	1	1/8	1/8	1		-4	56	Ab3	3	251
18	18	53	0.5	1/2	1/2	6/8	2	1	1/8	1/8	1		-3	63	Eb4	4	245
18	18	53	0.5	1/2	1/2	6/8	2	1	1/8	1/8	1		-4	68	Ab4	4	245
18	18	107/2	0.5	5/8	5/8	6/8	3	1	1/8	1/8	1		-1	53	F3	3	252
18	18	107/2	0.5	5/8	5/8	6/8	3	1	1/8	1/8	1		-4	56	Ab3	3	252
18	18	107/2	0.5	5/8	5/8	6/8	2	1	1/8	1/8	1		-5	61	Db4	4	246
18	18	107/2	0.5	5/8	5/8	6/8	2	1	1/8	1/8	1		-4	68	Ab4	4	246
19	19	54	0.5	0	0	6/8	3	1	1/8	1/8	1		-4	44	Ab2	2	258
19	19	54	1.5	0	0	6/8	3	2	3/8	1/4	3/2		-4	44	Ab2	2	264
19	19	109/2	0.5	1/8	1/8	6/8	3	1	1/8	1/8	1		-3	51	Eb3	3	259
19	19	55	0.5	1/4	1/4	6/8	3	1	1/8	1/8	1		0	60	C4	4	260
19	19	55	0.5	1/4	1/4	6/8	2	1	1/8	1/8	1		-4	68	Ab4	4	254
19	19	111/2	0.5	3/8	3/8	6/8	3	1	1/8	1/8	1		-2	58	Bb3	3	261
19	19	111/2	0.5	3/8	3/8	6/8	3	1	1/8	1/8	1		-5	61	Db4	4	261
19	19	111/2	0.5	3/8	3/8	6/8	2	1	1/8	1/8	1		-6	66	Gb4	4	255
19	19	111/2	0.5	3/8	3/8	6/8	2	1	1/8	1/8	1		-4	68	Ab4	4	255
19	19	56	0.5	1/2	1/2	6/8	3	1	1/8	1/8	1		-2	58	Bb3	3	262
19	19	56	0.5	1/2	1/2	6/8	3	1	1/8	1/8	1		-5	61	Db4	4	262
19	19	56	0.5	1/2	1/2	6/8	2	1	1/8	1/8	1		-6	66	Gb4	4	256
19	19	56	0.5	1/2	1/2	6/8	2	1	1/8	1/8	1		-4	68	Ab4	4	256
19	19	113/2	0.5	5/8	5/8	6/8	3	1	1/8	1/8	1		-4	56	Ab3	3	263
19	19	113/2	0.5	5/8	5/8	6/8	3	1	1/8	1/8	1		-5	61	Db4	4	263
19	19	113/2	0.5	5/8	5/8	6/8	2	1	1/8	1/8	1		-1	65	F4	4	257
19	19	113/2	0.5	5/8	5/8	6/8	1	1	1/8	1/8	1		-4	68	Ab4	4	253
19	19	113/2	0.5	5/8	5/8	6/8	2	1	1/8	1/8	1		-4	68	Ab4	4	257
20	20	57	0.5	0	0	6/8	3	1	1/8	1/8	1		-6	54	Gb3	3	274
20	20	57	0.5	0	0	6/8	3	1	1/8	1/8	1		-4	56	Ab3	3	274
20	20	57	0.5	0	0	6/8	2	1	1/8	1/8	1		-3	63	Eb4	4	268
20	20	57	0.5	0	0	6/8	2	1	1/8	1/8	1		-4	68	Ab4	4	268
20	20	57	1.5	0	0	6/8	1	1	3/8	1/4	3/2		-4	68	Ab4	4	265
20	20	115/2	0.5	1/8	1/8	6/8	3	1	1/8	1/8	1		-6	54	Gb3	3	275
20	20	115/2	0.5	1/8	1/8	6/8	3	1	1/8	1/8	1		-4	56	Ab3	3	275
20	20	115/2	0.5	1/8	1/8	6/8	2	1	1/8	1/8	1		-3	63	Eb4	4	269
20	20	115/2	0.5	1/8	1/8	6/8	2	1	1/8	1/8	1		-4	68	Ab4	4	269
20	20	58	0.5	1/4	1/4	6/8	3	1	1/8	1/8	1		-1	53	F3	3	276
20	20	58	0.5	1/4	1/4	6/8	3	1	1/8	1/8	1		-4	56	Ab3	3	276
20	20	58	0.5	1/4	1/4	6/8	2	1	1/8	1/8	1		-5	61	Db4	4	270
20	20	58	0.5	1/4	1/4	6/8	2	1	1/8	1/8	1		-4	68	Ab4	4	270
20	20	117/2	0.5	3/8	3/8	6/8	3	1	1/8	1/8	1		-4	44	Ab2	2	277
20	20	117/2	0.5	3/8	3/8	6/8	3	1	1/8	1/8	1		-3	51	Eb3	3	277
20	20	117/2	0.5	3/8	3/8	6/8	3	1	1/8	1/8	1		-6	54	Gb3	3	277
20	20	117/2	0.5	3/8	3/8	6/8	2	1	1/8	1/8	1		0	60	C4	4	271
20	20	117/2	0.5	3/8	3/8	6/8	2	1	1/8	1/8	1		-4	68	Ab4	4	271
20	20	117/2	1.0	3/8	3/8	6/8	1	1	1/4	1/4	1		-4	68	Ab4	4	266
20	20	59	0.5	1/2	1/2	6/8	3	1	1/8	1/8	1		-4	44	Ab2	2	278
20	20	59	0.5	1/2	1/2	6/8	3	1	1/8	1/8	1		-5	49	Db3	3	278
20	20	59	0.5	1/2	1/2	6/8	3	1	1/8	1/8	1		-1	53	F3	3	278
20	20	59	0.5	1/2	1/2	6/8	2	1	1/8	1/8	1		-2	58	Bb3	3	272
20	20	59	0.5	1/2	1/2	6/8	2	1	1/8	1/8	1		-4	68	Ab4	4	272
20	20	119/2	0.5	5/8	5/8	6/8	3	1	1/8	1/8	1		-4	44	Ab2	2	279
20	20	119/2	0.5	5/8	5/8	6/8	3	1	1/8	1/8	1		-3	51	Eb3	3	279
20	20	119/2	0.5	5/8	5/8	6/8	3	1	1/8	1/8	1		-6	54	Gb3	3	279
20	20	119/2	0.5	5/8	5/8	6/8	2	1	1/8	1/8	1		0	60	C4	4	273
20	20	119/2	0.5	5/8	5/8	6/8	1	1	1/8	1/8	1		-3	63	Eb4	4	267
20	20	119/2	0.5	5/8	5/8	6/8	2	1	1/8	1/8	1		-4	68	Ab4	4	273
21	21	60	0.5	0	0	6/8	3	1	1/8	1/8	1		-5	37	Db2	2	287
21	21	60	0.5	0	0	6/8	1	1	1/8	1/8	1		-6	66	Gb4	4	280
21	21	121/2	0.5	1/8	1/8	6/8	3	1	1/8	1/8	1		-5	49	Db3	3	288
21	21	121/2	0.5	1/8	1/8	6/8	1	1	1/8	1/8	1		-1	65	F4	4	281
21	21	61	0.5	1/4	1/4	6/8	3	1	1/8	1/8	1		-4	56	Ab3	3	289
21	21	61	0.5	1/4	1/4	6/8	3	1	1/8	1/8	1		-5	61	Db4	4	289
21	21	61	0.5	1/4	1/4	6/8	2	1	1/8	1/8	1		-1	65	F4	4	283
21	21	61	0.5	1/4	1/4	6/8	2	1	1/8	1/8	1		-4	68	Ab4	4	283
21	21	123/2	0.5	3/8	3/8	6/8	3	1	1/8	1/8	1		-2	58	Bb3	3	290
21	21	123/2	0.5	3/8	3/8	6/8	3	1	1/8	1/8	1		-5	61	Db4	4	290
21	21	123/2	0.5	3/8	3/8	6/8	2	1	1/8	1/8	1		-6	66	Gb4	4	284
21	21	123/2	0.5	3/8	3/8	6/8	2	1	1/8	1/8	1		-4	68	Ab4	4	284
21	21	62	0.5	1/2	1/2	6/8	3	1	1/8	1/8	1		-2	58	Bb3	3	291
21	21	62	0.5	1/2	1/2	6/8	3	1	1/8	1/8	1		-5	61	Db4	4	291
21	21	62	0.5	1/2	1/2	6/8	2	1	1/8	1/8	1		-6	66	Gb4	4	285
21	21	62	0.5	1/2	1/2	6/8	2	1	1/8	1/8	1		-4	68	Ab4	4	285
21	21	125/2	0.5	5/8	5/8	6/8	3	1	1/8	1/8	1		-4	56	Ab3	3	292
21	21	125/2	0.5	5/8	5/8	6/8	3	1	1/8	1/8	1		-5	61	Db4	4	292
21	21	125/2	0.5	5/8	5/8	6/8	2	1	1/8	1/8	1		-1	65	F4	4	286
21	21	125/2	0.5	5/8	5/8	6/8	1	1	1/8	1/8	1		-4	68	Ab4	4	282
21	21	125/2	0.5	5/8	5/8	6/8	2	1	1/8	1/8	1		-4	68	Ab4	4	286
22	22	63	0.5	0	0	6/8	3	1	1/8	1/8	1		-6	54	Gb3	3	305
22	22	63	0.5	0	0	6/8	3	1	1/8	1/8	1		-4	56	Ab3	3	305
22	22	63	0.5	0	0	6/8	2	1	1/8	1/8	1		-3	63	Eb4	4	299
22	22	63	0.5	0	0	6/8	2	1	1/8	1/8	1		-4	68	Ab4	4	299
22	22	63	0.5	0	0	6/8	1	1	1/8	1/8	1		-3	75	Eb5	5	293
22	22	127/2	0.5	1/8	1/8	6/8	3	1	1/8	1/8	1		-6	54	Gb3	3	306
22	22	127/2	0.5	1/8	1/8	6/8	3	1	1/8	1/8	1		-4	56	Ab3	3	306
22	22	127/2	0.5	1/8	1/8	6/8	2	1	1/8	1/8	1		-3	63	Eb4	4	300
22	22	127/2	0.5	1/8	1/8	6/8	2	1	1/8	1/8	1		-4	68	Ab4	4	300
22	22	127/2	0.5	1/8	1/8	6/8	1	1	1/8	1/8	1		-3	75	Eb5	5	294
22	22	64	0.5	1/4	1/4	6/8	3	1	1/8	1/8	1		-1	53	F3	3	307
22	22	64	0.5	1/4	1/4	6/8	3	1	1/8	1/8	1		-4	56	Ab3	3	307
22	22	64	0.5	1/4	1/4	6/8	2	1	1/8	1/8	1		-5	61	Db4	4	301
22	22	64	0.5	1/4	1/4	6/8	2	1	1/8	1/8	1		-4	68	Ab4	4	301
22	22	64	0.5	1/4	1/4	6/8	1	1	1/8	1/8	1		-5	73	Db5	5	295
22	22	129/2	0.5	3/8	3/8	6/8	3	1	1/8	1/8	1		-4	44	Ab2	2	308
22	22	129/2	0.5	3/8	3/8	6/8	3	1	1/8	1/8	1		-3	51	Eb3	3	308
22	22	129/2	0.5	3/8	3/8	6/8	3	1	1/8	1/8	1		-6	54	Gb3	3	308
22	22	129/2	0.5	3/8	3/8	6/8	2	1	1/8	1/8	1		0	60	C4	4	302
22	22	129/2	0.5	3/8	3/8	6/8	2	1	1/8	1/8	1		-4	68	Ab4	4	302
22	22	129/2	0.5	3/8	3/8	6/8	1	1	1/8	1/8	1		0	72	C5	5	296
22	22	65	0.5	1/2	1/2	6/8	3	1	1/8	1/8	1		-4	44	Ab2	2	309
22	22	65	0.5	1/2	1/2	6/8	3	1	1/8	1/8	1		-5	49	Db3	3	309
22	22	65	0.5	1/2	1/2	6/8	3	1	1/8	1/8	1		-1	53	F3	3	309
22	22	65	0.5	1/2	1/2	6/8	2	1	1/8	1/8	1		-2	58	Bb3	3	303
22	22	65	0.5	1/2	1/2	6/8	2	1	1/8	1/8	1		-4	68	Ab4	4	303
22	22	65	0.5	1/2	1/2	6/8	1	1	1/8	1/8	1		-2	70	Bb4	4	297
22	22	131/2	0.5	5/8	5/8	6/8	3	1	1/8	1/8	1		-4	44	Ab2	2	310
22	22	131/2	0.5	5/8	5/8	6/8	3	1	1/8	1/8	1		-3	51	Eb3	3	310
22	22	131/2	0.5	5/8	5/8	6/8	3	1	1/8	1/8	1		-6	54	Gb3	3	310
22	22	131/2	0.5	5/8	5/8	6/8	2	1	1/8	1/8	1		0	60	C4	4	304
22	22	131/2	0.5	5/8	5/8	6/8	2	1	1/8	1/8	1		-4	68	Ab4	4	304
22	22	131/2	0.5	5/8	5/8	6/8	1	1	1/8	1/8	1		0	72	C5	5	298
23	23	66	0.5	0	0	6/8	3	1	1/8	1/8	1		-1	41	F2	2	319
23	23	66	1.5	0	0	6/8	1	1	3/8	1/4	3/2	1	-1	77	F5	5	311
23	23	133/2	0.5	1/8	1/8	6/8	3	1	1/8	1/8	1		-1	53	F3	3	320
23	23	133/2	0.5	1/8	1/8	6/8	3	1	1/8	1/8	1		3	57	A3	3	320
23	23	133/2	0.5	1/8	1/8	6/8	2	1	1/8	1/8	1		-3	63	Eb4	4	314
23	23	133/2	0.5	1/8	1/8	6/8	2	1	1/8	1/8	1		0	72	C5	5	314
23	23	67	0.5	1/4	1/4	6/8	3	1	1/8	1/8	1		-1	53	F3	3	321
23	23	67	0.5	1/4	1/4	6/8	3	1	1/8	1/8	1		-2	58	Bb3	3	321
23	23	67	0.5	1/4	1/4	6/8	2	1	1/8	1/8	1		-3	63	Eb4	4	315
23	23	67	0.5	1/4	1/4	6/8	2	1	1/8	1/8	1		1	67	G4	4	315
23	23	135/2	0.5	3/8	3/8	6/8	3	1	1/8	1/8	1		-1	53	F3	3	322
23	23	135/2	0.5	3/8	3/8	6/8	3	1	1/8	1/8	1		0	60	C4	4	322
23	23	135/2	0.5	3/8	3/8	6/8	2	1	1/8	1/8	1		-3	63	Eb4	4	316
23	23	135/2	0.5	3/8	3/8	6/8	2	1	1/8	1/8	1		3	69	A4	4	316
23	23	135/2	1.0	3/8	3/8	6/8	1	1	1/4	1/4	1	-1	-1	77	F5	5	312
23	23	68	0.5	1/2	1/2	6/8	3	1	1/8	1/8	1		-1	53	F3	3	323
23	23	68	0.5	1/2	1/2	6/8	3	1	1/8	1/8	1		-2	58	Bb3	3	323
23	23	68	0.5	1/2	1/2	6/8	2	1	1/8	1/8	1		-3	63	Eb4	4	317
23	23	68	0.5	1/2	1/2	6/8	2	1	1/8	1/8	1		-2	70	Bb4	4	317
23	23	137/2	0.5	5/8	5/8	6/8	3	1	1/8	1/8	1		-1	53	F3	3	324
23	23	137/2	0.5	5/8	5/8	6/8	3	1	1/8	1/8	1		3	57	A3	3	324
23	23	137/2	0.5	5/8	5/8	6/8	2	1	1/8	1/8	1		-3	63	Eb4	4	318
23	23	137/2	0.5	5/8	5/8	6/8	1	1	1/8	1/8	1		0	72	C5	5	313
23	23	137/2	0.5	5/8	5/8	6/8	2	1	1/8	1/8	1		0	72	C5	5	318
24	24	69	0.5	0	0	6/8	3	1	1/8	1/8	1		-2	46	Bb2	2	332
24	24	69	1.5	0	0	6/8	1	1	3/8	1/4	3/2		-5	73	Db5	5	325
24	24	139/2	0.5	1/8	1/8	6/8	3	1	1/8	1/8	1		-2	58	Bb3	3	333
24	24	139/2	0.5	1/8	1/8	6/8	3	1	1/8	1/8	1		-5	61	Db4	4	333
24	24	139/2	0.5	1/8	1/8	6/8	2	1	1/8	1/8	1		-1	65	F4	4	327
24	24	139/2	0.5	1/8	1/8	6/8	2	1	1/8	1/8	1		-5	73	Db5	5	327
24	24	70	0.5	1/4	1/4	6/8	3	1	1/8	1/8	1		-2	58	Bb3	3	334
24	24	70	0.5	1/4	1/4	6/8	3	1	1/8	1/8	1		-5	61	Db4	4	334
24	24	70	0.5	1/4	1/4	6/8	2	1	1/8	1/8	1		-1	65	F4	4	328
24	24	70	0.5	1/4	1/4	6/8	2	1	1/8	1/8	1		-5	73	Db5	5	328
24	24	141/2	0.5	3/8	3/8	6/8	3	1	1/8	1/8	1		0	60	C4	4	335
24	24	141/2	0.5	3/8	3/8	6/8	3	1	1/8	1/8	1		-3	63	Eb4	4	335
24	24	141/2	0.5	3/8	3/8	6/8	2	1	1/8	1/8	1		-1	65	F4	4	329
24	24	141/2	0.5	3/8	3/8	6/8	2	1	1/8	1/8	1		-3	75	Eb5	5	329
24	24	71	0.5	1/2	1/2	6/8	3	1	1/8	1/8	1		-2	58	Bb3	3	336
24	24	71	0.5	1/2	1/2	6/8	3	1	1/8	1/8	1		-5	61	Db4	4	336
24	24	71	0.5	1/2	1/2	6/8	2	1	1/8	1/8	1		-1	65	F4	4	330
24	24	71	0.5	1/2	1/2	6/8	2	1	1/8	1/8	1		-5	73	Db5	5	330
24	24	143/2	0.5	5/8	5/8	6/8	3	1	1/8	1/8	1		-2	58	Bb3	3	337
24	24	143/2	0.5	5/8	5/8	6/8	3	1	1/8	1/8	1		-5	61	Db4	4	337
24	24	143/2	0.5	5/8	5/8	6/8	2	1	1/8	1/8	1		-1	65	F4	4	331
24	24	143/2	0.5	5/8	5/8	6/8	1	1	1/8	1/8	1		-5	73	Db5	5	326
24	24	143/2	0.5	5/8	5/8	6/8	2	1	1/8	1/8	1		-5	73	Db5	5	331
25	25	72	0.5	0	0	6/8	3	1	1/8	1/8	1		-6	42	Gb2	2	347
25	25	72	1.0	0	0	6/8	1	1	1/4	1/4	1		0	72	C5	5	338
25	25	145/2	0.5	1/8	1/8	6/8	3	1	1/8	1/8	1		-4	56	Ab3	3	348
25	25	145/2	0.5	1/8	1/8	6/8	3	1	1/8	1/8	1		0	60	C4	4	348
25	25	145/2	0.5	1/8	1/8	6/8	2	1	1/8	1/8	1		-5	61	Db4	4	343
25	25	145/2	0.5	1/8	1/8	6/8	2	1	1/8	1/8	1		0	72	C5	5	343
25	25	73	0.5	1/4	1/4	6/8	3	1	1/8	1/8	1		-6	54	Gb3	3	349
25	25	73	0.5	1/4	1/4	6/8	3	1	1/8	1/8	1		-2	58	Bb3	3	349
25	25	73	0.5	1/4	1/4	6/8	2	1	1/8	1/8	1		-5	61	Db4	4	344
25	25	73	0.5	1/4	1/4	6/8	1	1	1/8	1/8	1		-2	70	Bb4	4	339
25	25	73	0.5	1/4	1/4	6/8	2	1	1/8	1/8	1		-2	70	Bb4	4	344
25	25	147/2	0.5	3/8	3/8	6/8	3	1	1/8	1/8	1		-3	39	Eb2	2	350
25	25	147/2	0.5	3/8	3/8	6/8	1	1	1/8	1/8	1		-4	68	Ab4	4	340
25	25	74	0.5	1/2	1/2	6/8	3	1	1/8	1/8	1		-3	51	Eb3	3	351
25	25	74	0.5	1/2	1/2	6/8	3	1	1/8	1/8	1		-1	53	F3	3	351
25	25	74	0.5	1/2	1/2	6/8	2	1	1/8	1/8	1		-7	59	Cb4	4	345
25	25	74	0.5	1/2	1/2	6/8	2	1	1/8	1/8	1		2	62	D4	4	345
25	25	74	0.5	1/2	1/2	6/8	1	1	1/8	1/8	1		-4	68	Ab4	4	341
25	25	74	0.5	1/2	1/2	6/8	2	1	1/8	1/8	1		-4	68	Ab4	4	345
25	25	149/2	0.5	5/8	5/8	6/8	3	1	1/8	1/8	1		-3	51	Eb3	3	352
25	25	149/2	0.5	5/8	5/8	6/8	3	1	1/8	1/8	1		-6	54	Gb3	3	352
25	25	149/2	0.5	5/8	5/8	6/8	2	1	1/8	1/8	1		-2	58	Bb3	3	346
25	25	149/2	0.5	5/8	5/8	6/8	2	1	1/8	1/8	1		-3	63	Eb4	4	346
25	25	149/2	0.5	5/8	5/8	6/8	1	1	1/8	1/8	1		-6	66	Gb4	4	342
25	25	149/2	0.5	5/8	5/8	6/8	2	1	1/8	1/8	1		-6	66	Gb4	4	346
26	26	75	0.5	0	0	6/8	3	1	1/8	1/8	1		-4	32	Ab1	1	360
26	26	75	1.0	0	0	6/8	1	1	1/4	1/4	1		-1	65	F4	4	353
26	26	151/2	0.5	1/8	1/8	6/8	3	1	1/8	1/8	1		-4	44	Ab2	2	361
26	26	151/2	0.5	1/8	1/8	6/8	3	1	1/8	1/8	1		-6	54	Gb3	3	361
26	26	151/2	0.5	1/8	1/8	6/8	2	1	1/8	1/8	1		0	60	C4	4	356
26	26	151/2	0.5	1/8	1/8	6/8	2	1	1/8	1/8	1		-1	65	F4	4	356
26	26	76	0.5	1/4	1/4	6/8	3	1	1/8	1/8	1		-4	44	Ab2	2	362
26	26	76	0.5	1/4	1/4	6/8	3	1	1/8	1/8	1		-6	54	Gb3	3	362
26	26	76	0.5	1/4	1/4	6/8	2	1	1/8	1/8	1		0	60	C4	4	357
26	26	76	0.5	1/4	1/4	6/8	1	1	1/8	1/8	1		-3	63	Eb4	4	354
26	26	76	0.5	1/4	1/4	6/8	2	1	1/8	1/8	1		-3	63	Eb4	4	357
26	26	153/2	1.5	3/8	3/8	6/8	1	1	3/8	1/4	3/2	1	-4	68	Ab4	4	355
26	26	77	0.5	1/2	1/2	6/8	3	1	1/8	1/8	1		-4	44	Ab2	2	363
26	26	77	0.5	1/2	1/2	6/8	3	1	1/8	1/8	1		-1	53	F3	3	363
26	26	77	0.5	1/2	1/2	6/8	2	1	1/8	1/8	1		-7	59	Cb4	4	358
26	26	77	0.5	1/2	1/2	6/8	2	1	1/8	1/8	1		2	62	D4	4	358
26	26	155/2	0.5	5/8	5/8	6/8	3	1	1/8	1/8	1		-4	44	Ab2	2	364
26	26	155/2	0.5	5/8	5/8	6/8	3	1	1/8	1/8	1		-1	53	F3	3	364
26	26	155/2	0.5	5/8	5/8	6/8	2	1	1/8	1/8	1		-7	59	Cb4	4	359
26	26	155/2	0.5	5/8	5/8	6/8	2	1	1/8	1/8	1		2	62	D4	4	359
27	27	78	0.5	0	0	6/8	1	1	1/8	1/8	1	-1	-4	68	Ab4	4	365
27	27	157/2	0.5	1/8	1/8	6/8	3	1	1/8	1/8	1		-4	44	Ab2	2	374
27	27	157/2	0.5	1/8	1/8	6/8	3	1	1/8	1/8	1		-6	54	Gb3	3	374
27	27	157/2	0.5	1/8	1/8	6/8	2	1	1/8	1/8	1		0	60	C4	4	370
27	27	157/2	0.5	1/8	1/8	6/8	1	1	1/8	1/8	1		2	62	D4	4	366
27	27	157/2	0.5	1/8	1/8	6/8	2	1	1/8	1/8	1		2	62	D4	4	370
27	27	79	0.5	1/4	1/4	6/8	3	1	1/8	1/8	1		-4	44	Ab2	2	375
27	27	79	0.5	1/4	1/4	6/8	3	1	1/8	1/8	1		-6	54	Gb3	3	375
27	27	79	0.5	1/4	1/4	6/8	2	1	1/8	1/8	1		0	60	C4	4	371
27	27	79	0.5	1/4	1/4	6/8	1	1	1/8	1/8	1		-3	63	Eb4	4	367
27	27	79	0.5	1/4	1/4	6/8	2	1	1/8	1/8	1		-3	63	Eb4	4	371
27	27	159/2	1.0	3/8	3/8	6/8	1	1	1/4	1/4	1		-6	66	Gb4	4	368
27	27	80	0.5	1/2	1/2	6/8	3	1	1/8	1/8	1		-4	44	Ab2	2	376
27	27	80	0.5	1/2	1/2	6/8	3	1	1/8	1/8	1		-2	58	Bb3	3	376
27	27	80	0.5	1/2	1/2	6/8	2	1	1/8	1/8	1		0	60	C4	4	372
27	27	80	0.5	1/2	1/2	6/8	2	1	1/8	1/8	1		-6	66	Gb4	4	372
27	27	161/2	0.5	5/8	5/8	6/8	3	1	1/8	1/8	1		-4	44	Ab2	2	377
27	27	161/2	0.5	5/8	5/8	6/8	3	1	1/8	1/8	1		-4	56	Ab3	3	377
27	27	161/2	0.5	5/8	5/8	6/8	2	1	1/8	1/8	1		0	60	C4	4	373
27	27	161/2	0.5	5/8	5/8	6/8	1	1	1/8	1/8	1		-1	65	F4	4	369
27	27	161/2	0.5	5/8	5/8	6/8	2	1	1/8	1/8	1		-1	65	F4	4	373
28	28	81	0.5	0	0	6/8	3	1	1/8	1/8	1		-5	37	Db2	2	383
28	28	81	3.0	0	0	6/8	1	1	3/4	1/2	3/2	1	-5	61	Db4	4	378
28	28	163/2	0.5	1/8	1/8	6/8	3	1	1/8	1/8	1		-5	49	Db3	3	384
28	28	82	0.5	1/4	1/4	6/8	3	1	1/8	1/8	1		-4	56	Ab3	3	385
28	28	82	0.5	1/4	1/4	6/8	2	1	1/8	1/8	1		-5	61	Db4	4	379
28	28	82	0.5	1/4	1/4	6/8	2	1	1/8	1/8	1		-1	65	F4	4	379
28	28	165/2	0.5	3/8	3/8	6/8	3	1	1/8	1/8	1		-9	57	Bbb3	3	386
28	28	165/2	0.5	3/8	3/8	6/8	2	1	1/8	1/8	1		-5	61	Db4	4	380
28	28	165/2	0.5	3/8	3/8	6/8	2	1	1/8	1/8	1		-6	66	Gb4	4	380
28	28	83	0.5	1/2	1/2	6/8	3	1	1/8	1/8	1		-9	57	Bbb3	3	387
28	28	83	0.5	1/2	1/2	6/8	2	1	1/8	1/8	1		-5	61	Db4	4	381
28	28	83	0.5	1/2	1/2	6/8	2	1	1/8	1/8	1		-6	66	Gb4	4	381
28	28	167/2	0.5	5/8	5/8	6/8	3	1	1/8	1/8	1		-4	56	Ab3	3	388
28	28	167/2	0.5	5/8	5/8	6/8	2	1	1/8	1/8	1		-5	61	Db4	4	382
28	28	167/2	0.5	5/8	5/8	6/8	2	1	1/8	1/8	1		-1	65	F4	4	382
29	29	84	0.5	0	0	6/8	3	1	1/8	1/8	1		-5	49	Db3	3	396
29	29	84	0.5	0	0	6/8	3	1	1/8	1/8	1		-6	54	Gb3	3	396
29	29	84	0.5	0	0	6/8	2	1	1/8	1/8	1		-5	61	Db4	4	390
29	29	84	1.0	0	0	6/8	1	1	1/4	1/4	1	-1	-5	61	Db4	4	389
29	29	84	0.5	0	0	6/8	2	1	1/8	1/8	1		-9	69	Bbb4	4	390
29	29	169/2	0.5	1/8	1/8	6/8	3	1	1/8	1/8	1		-5	49	Db3	3	397
29	29	169/2	0.5	1/8	1/8	6/8	3	1	1/8	1/8	1		-6	54	Gb3	3	397
29	29	169/2	0.5	1/8	1/8	6/8	2	1	1/8	1/8	1		-5	61	Db4	4	391
29	29	169/2	0.5	1/8	1/8	6/8	2	1	1/8	1/8	1		-9	69	Bbb4	4	391
29	29	85	0.5	1/4	1/4	6/8	3	1	1/8	1/8	1		-5	49	Db3	3	398
29	29	85	0.5	1/4	1/4	6/8	3	1	1/8	1/8	1		-1	53	F3	3	398
29	29	85	0.5	1/4	1/4	6/8	2	1	1/8	1/8	1		-5	61	Db4	4	392
29	29	85	0.5	1/4	1/4	6/8	2	1	1/8	1/8	1		-4	68	Ab4	4	392
29	29	171/2	1.5	3/8	3/8	6/8	3	1	3/8	1/4	3/2		-5	49	Db3	3	399
29	29	171/2	1.5	3/8	3/8	6/8	3	1	3/8	1/4	3/2		-9	57	Bbb3	3	399
29	29	171/2	1.5	3/8	3/8	6/8	2	2	3/8	1/4	3/2		-3	63	Eb4	4	395
29	29	171/2	1.5	3/8	3/8	6/8	2	2	3/8	1/4	3/2		-6	66	Gb4	4	395
29	29	171/2	1.0	3/8	3/8	6/8	2	1	1/4	1/4	1		0	72	C5	5	393
29	29	173/2	0.5	5/8	5/8	6/8	2	1	1/8	1/8	1		-5	73	Db5	5	394
30	30	87	0.5	0	0	6/8	3	1	1/8	1/8	1		-5	37	Db2	2	404
30	30	175/2	0.5	1/8	1/8	6/8	3	1	1/8	1/8	1		-5	49	Db3	3	405
30	30	88	0.5	1/4	1/4	6/8	3	1	1/8	1/8	1		-4	56	Ab3	3	406
30	30	88	0.5	1/4	1/4	6/8	3	1	1/8	1/8	1		-5	61	Db4	4	406
30	30	88	0.5	1/4	1/4	6/8	2	1	1/8	1/8	1		-1	65	F4	4	400
30	30	88	0.5	1/4	1/4	6/8	2	1	1/8	1/8	1		-5	73	Db5	5	400
30	30	177/2	0.5	3/8	3/8	6/8	3	1	1/8	1/8	1		-9	57	Bbb3	3	407
30	30	177/2	0.5	3/8	3/8	6/8	3	1	1/8	1/8	1		-5	61	Db4	4	407
30	30	177/2	0.5	3/8	3/8	6/8	2	1	1/8	1/8	1		-6	66	Gb4	4	401
30	30	177/2	0.5	3/8	3/8	6/8	2	1	1/8	1/8	1		-5	73	Db5	5	401
30	30	89	0.5	1/2	1/2	6/8	3	1	1/8	1/8	1		-9	57	Bbb3	3	408
30	30	89	0.5	1/2	1/2	6/8	3	1	1/8	1/8	1		-5	61	Db4	4	408
30	30	89	0.5	1/2	1/2	6/8	2	1	1/8	1/8	1		-6	66	Gb4	4	402
30	30	89	0.5	1/2	1/2	6/8	2	1	1/8	1/8	1		-5	73	Db5	5	402
30	30	179/2	0.5	5/8	5/8	6/8	3	1	1/8	1/8	1		-4	56	Ab3	3	409
30	30	179/2	0.5	5/8	5/8	6/8	3	1	1/8	1/8	1		-5	61	Db4	4	409
30	30	179/2	0.5	5/8	5/8	6/8	2	1	1/8	1/8	1		-1	65	F4	4	403
30	30	179/2	0.5	5/8	5/8	6/8	2	1	1/8	1/8	1		-5	73	Db5	5	403
31	31	90	0.5	0	0	6/8	3	1	1/8	1/8	1		-6	54	Gb3	3	416
31	31	90	0.5	0	0	6/8	3	1	1/8	1/8	1		-5	61	Db4	4	416
31	31	90	0.5	0	0	6/8	2	1	1/8	1/8	1		-9	69	Bbb4	4	410
31	31	90	0.5	0	0	6/8	2	1	1/8	1/8	1		-5	73	Db5	5	410
31	31	181/2	0.5	1/8	1/8	6/8	3	1	1/8	1/8	1		-6	54	Gb3	3	417
31	31	181/2	0.5	1/8	1/8	6/8	3	1	1/8	1/8	1		-5	61	Db4	4	417
31	31	181/2	0.5	1/8	1/8	6/8	2	1	1/8	1/8	1		-9	69	Bbb4	4	411
31	31	181/2	0.5	1/8	1/8	6/8	2	1	1/8	1/8	1		-5	73	Db5	5	411
31	31	91	0.5	1/4	1/4	6/8	3	1	1/8	1/8	1		-1	53	F3	3	418
31	31	91	0.5	1/4	1/4	6/8	3	1	1/8	1/8	1		-5	61	Db4	4	418
31	31	91	0.5	1/4	1/4	6/8	2	1	1/8	1/8	1		-4	68	Ab4	4	412
31	31	91	0.5	1/4	1/4	6/8	2	1	1/8	1/8	1		-5	73	Db5	5	412
31	31	183/2	1.5	3/8	3/8	6/8	3	1	3/8	1/4	3/2		-5	49	Db3	3	419
31	31	183/2	1.5	3/8	3/8	6/8	3	1	3/8	1/4	3/2		0	60	C4	4	419
31	31	183/2	1.5	3/8	3/8	6/8	3	1	3/8	1/4	3/2		-3	63	Eb4	4	419
31	31	183/2	1.5	3/8	3/8	6/8	2	2	3/8	1/4	3/2		-9	69	Bbb4	4	415
31	31	183/2	1.0	3/8	3/8	6/8	2	1	1/4	1/4	1		-6	78	Gb5	5	413
31	31	185/2	0.5	5/8	5/8	6/8	2	1	1/8	1/8	1		-1	77	F5	5	414
32	32	93	1.0	0	0	6/8	3	1	1/4	1/4	1		-5	49	Db3	3	422
32	32	93	1.0	0	0	6/8	3	1	1/4	1/4	1		-5	61	Db4	4	422
32	32	93	1.0	0	0	6/8	3	1	1/4	1/4	1		-1	65	F4	4	422
32	32	93	1.0	0	0	6/8	2	1	1/4	1/4	1		-4	68	Ab4	4	420
32	32	93	1.0	0	0	6/8	2	1	1/4	1/4	1		-1	77	F5	5	420
32	32	189/2	1.0	3/8	3/8	6/8	3	1	1/4	1/4	1		-5	49	Db3	3	423
32	32	189/2	1.0	3/8	3/8	6/8	3	1	1/4	1/4	1		-4	56	Ab3	3	423
32	32	189/2	1.0	3/8	3/8	6/8	2	1	1/4	1/4	1		-1	65	F4	4	421
32	32	189/2	1.0	3/8	3/8	6/8	2	1	1/4	1/4	1		-5	73	Db5	5	421
33	33	96	3.0	0	0	6/8	3	1	3/4	1/2	3/2		-5	49	Db3	3	425
33	33	96	3.0	0	0	6/8	3	1	3/4	1/2	3/2		-4	56	Ab3	3	425
33	33	96	3.0	0	0	6/8	2	1	3/4	1/2	3/2		-1	65	F4	4	424
33	33	96	3.0	0	0	6/8	2	1	3/4	1/2	3/2		-5	73	Db5	5	424
