mc	mn	mc_onset	mn_onset	timesig	staff	voice	duration	nominal_duration	scalar	tied	tpc	midi	volta	chord_id
1	1	0	0	3/4	3	1	3/4	1/2	3/2	1	-3	51		2
1	1	0	0	3/4	3	1	3/4	1/2	3/2		-4	56		2
1	1	0	0	3/4	2	2	3/4	1/2	3/2	1	-5	61		1
1	1	0	0	3/4	2	2	3/4	1/2	3/2		-1	65		1
1	1	1/2	1/2	3/4	2	1	1/4	1/4	1	1	-2	70		0
2	2	0	0	3/4	3	1	3/4	1/2	3/2	-1	-3	51		5
2	2	0	0	3/4	3	1	3/4	1/2	3/2		1	55		5
2	2	0	0	3/4	2	1	3/4	1/2	3/2	-1	-5	61		4
2	2	0	0	3/4	2	1	3/4	1/2	3/2		-3	63		4
2	2	0	0	3/4	2	1	3/4	1/2	3/2	-1	-2	70		4
2	2	5/8	5/8	3/4	1	1	1/8	1/8	1		-3	63		3
3	3	0	0	3/4	3	1	1/12	1/8	2/3		-4	44		16
3	3	0	0	3/4	1	1	3/8	1/4	3/2		0	72		6
3	3	1/12	1/12	3/4	3	1	1/12	1/8	2/3		-4	56		17
3	3	1/12	1/12	3/4	3	1	1/12	1/8	2/3		0	60		17
3	3	1/12	1/12	3/4	2	1	1/12	1/8	2/3		-3	63		10
3	3	1/12	1/12	3/4	2	1	1/12	1/8	2/3		0	72		10
3	3	1/6	1/6	3/4	3	1	1/12	1/8	2/3		-4	56		18
3	3	1/6	1/6	3/4	3	1	1/12	1/8	2/3		0	60		18
3	3	1/6	1/6	3/4	2	1	1/12	1/8	2/3		-3	63		11
3	3	1/6	1/6	3/4	2	1	1/12	1/8	2/3		0	72		11
3	3	1/4	1/4	3/4	3	1	1/8	1/8	1		-4	56		19
3	3	1/4	1/4	3/4	3	1	1/8	1/8	1		0	60		19
3	3	1/4	1/4	3/4	2	1	1/8	1/8	1		-3	63		12
3	3	1/4	1/4	3/4	2	1	1/8	1/8	1		0	72		12
3	3	3/8	3/8	3/4	3	1	1/8	1/8	1		-4	56		20
3	3	3/8	3/8	3/4	3	1	1/8	1/8	1		0	60		20
3	3	3/8	3/8	3/4	2	1	1/8	1/8	1		-3	63		13
3	3	3/8	3/8	3/4	1	1	1/8	1/8	1		0	72		7
3	3	3/8	3/8	3/4	2	1	1/8	1/8	1		0	72		13
3	3	1/2	1/2	3/4	3	1	1/8	1/8	1		1	55		21
3	3	1/2	1/2	3/4	3	1	1/8	1/8	1		-2	58		21
3	3	1/2	1/2	3/4	2	1	1/8	1/8	1		-3	63		14
3	3	1/2	1/2	3/4	1	1	1/8	1/8	1		-2	70		8
3	3	1/2	1/2	3/4	2	1	1/8	1/8	1		-2	70		14
3	3	5/8	5/8	3/4	3	1	1/8	1/8	1		-4	56		22
3	3	5/8	5/8	3/4	3	1	1/8	1/8	1		0	60		22
3	3	5/8	5/8	3/4	2	1	1/8	1/8	1		-3	63		15
3	3	5/8	5/8	3/4	1	1	1/8	1/8	1		0	72		9
3	3	5/8	5/8	3/4	2	1	1/8	1/8	1		0	72		15
4	4	0	0	3/4	3	1	1/12	1/8	2/3		-4	44		32
4	4	0	0	3/4	1	1	1/4	1/4	1		0	72		23
4	4	1/12	1/12	3/4	3	1	1/12	1/8	2/3		-4	56		33
4	4	1/12	1/12	3/4	3	1	1/12	1/8	2/3		-9	57		33
4	4	1/12	1/12	3/4	2	1	1/12	1/8	2/3		-3	63		26
4	4	1/12	1/12	3/4	2	1	1/12	1/8	2/3		6	66		26
4	4	1/12	1/12	3/4	2	1	1/12	1/8	2/3		0	72		26
4	4	1/6	1/6	3/4	3	1	1/12	1/8	2/3		-4	56		34
4	4	1/6	1/6	3/4	3	1	1/12	1/8	2/3		-9	57		34
4	4	1/6	1/6	3/4	2	1	1/12	1/8	2/3		-3	63		27
4	4	1/6	1/6	3/4	2	1	1/12	1/8	2/3		6	66		27
4	4	1/6	1/6	3/4	2	1	1/12	1/8	2/3		0	72		27
4	4	1/4	1/4	3/4	3	1	1/8	1/8	1		-4	56		35
4	4	1/4	1/4	3/4	3	1	1/8	1/8	1		-2	58		35
4	4	1/4	1/4	3/4	2	1	1/8	1/8	1		-3	63		28
4	4	1/4	1/4	3/4	2	1	1/8	1/8	1		1	67		28
4	4	1/4	1/4	3/4	2	1	1/8	1/8	1		-5	73		28
4	4	1/4	1/4	3/4	1	1	1/4	1/4	1		-5	73		24
4	4	3/8	3/8	3/4	3	1	1/8	1/8	1		-4	56		36
4	4	3/8	3/8	3/4	3	1	1/8	1/8	1		-2	58		36
4	4	3/8	3/8	3/4	2	1	1/8	1/8	1		-3	63		29
4	4	3/8	3/8	3/4	2	1	1/8	1/8	1		1	67		29
4	4	3/8	3/8	3/4	2	1	1/8	1/8	1		-5	73		29
4	4	1/2	1/2	3/4	3	1	1/8	1/8	1		-4	56		37
4	4	1/2	1/2	3/4	3	1	1/8	1/8	1		5	59		37
4	4	1/2	1/2	3/4	2	1	1/8	1/8	1		-1	65		30
4	4	1/2	1/2	3/4	2	1	1/8	1/8	1		-4	68		30
4	4	1/2	1/2	3/4	2	1	1/8	1/8	1		2	74		30
4	4	1/2	1/2	3/4	1	1	1/4	1/4	1		2	74		25
4	4	5/8	5/8	3/4	3	1	1/8	1/8	1		-4	56		38
4	4	5/8	5/8	3/4	3	1	1/8	1/8	1		5	59		38
4	4	5/8	5/8	3/4	2	1	1/8	1/8	1		-1	65		31
4	4	5/8	5/8	3/4	2	1	1/8	1/8	1		-4	68		31
4	4	5/8	5/8	3/4	2	1	1/8	1/8	1		2	74		31
5	5	0	0	3/4	3	1	1/12	1/8	2/3		-4	44		49
5	5	0	0	3/4	1	1	3/8	1/4	3/2		-3	75		39
5	5	1/12	1/12	3/4	3	1	1/12	1/8	2/3		0	60		50
5	5	1/12	1/12	3/4	2	1	1/12	1/8	2/3		-3	63		43
5	5	1/12	1/12	3/4	2	1	1/12	1/8	2/3		-4	68		43
5	5	1/12	1/12	3/4	2	1	1/12	1/8	2/3		-3	75		43
5	5	1/6	1/6	3/4	3	1	1/12	1/8	2/3		0	60		51
5	5	1/6	1/6	3/4	2	1	1/12	1/8	2/3		-3	63		44
5	5	1/6	1/6	3/4	2	1	1/12	1/8	2/3		-4	68		44
5	5	1/6	1/6	3/4	2	1	1/12	1/8	2/3		-3	75		44
5	5	1/4	1/4	3/4	3	1	1/8	1/8	1		0	60		52
5	5	1/4	1/4	3/4	2	1	1/8	1/8	1		-3	63		45
5	5	1/4	1/4	3/4	2	1	1/8	1/8	1		-4	68		45
5	5	1/4	1/4	3/4	2	1	1/8	1/8	1		-3	75		45
5	5	3/8	3/8	3/4	3	1	1/8	1/8	1		0	60		53
5	5	3/8	3/8	3/4	2	1	1/8	1/8	1		-3	63		46
5	5	3/8	3/8	3/4	3	1	1/8	1/8	1		-3	63		53
5	5	3/8	3/8	3/4	1	1	1/8	1/8	1		-3	75		40
5	5	3/8	3/8	3/4	2	1	1/8	1/8	1		-3	75		46
5	5	1/2	1/2	3/4	3	1	1/8	1/8	1		-5	61		54
5	5	1/2	1/2	3/4	2	1	1/8	1/8	1		-3	63		47
5	5	1/2	1/2	3/4	3	1	1/8	1/8	1		-1	65		54
5	5	1/2	1/2	3/4	1	1	1/8	1/8	1		-1	77		41
5	5	1/2	1/2	3/4	2	1	1/8	1/8	1		-1	77		47
5	5	5/8	5/8	3/4	3	1	1/8	1/8	1		0	60		55
5	5	5/8	5/8	3/4	2	1	1/8	1/8	1		-3	63		48
5	5	5/8	5/8	3/4	3	1	1/8	1/8	1		-3	63		55
5	5	5/8	5/8	3/4	1	1	1/8	1/8	1		-3	75		42
5	5	5/8	5/8	3/4	2	1	1/8	1/8	1		-3	75		48
6	6	0	0	3/4	3	1	1/12	1/8	2/3		-3	39		61
6	6	0	0	3/4	1	1	1/2	1/2	1		-2	70		56
6	6	1/12	1/12	3/4	3	1	1/12	1/8	2/3		-3	51		62
6	6	1/12	1/12	3/4	3	1	1/12	1/8	2/3		-2	58		62
6	6	1/12	1/12	3/4	2	1	1/12	1/8	2/3		-3	63		58
6	6	1/12	1/12	3/4	2	1	1/12	1/8	2/3		1	67		58
6	6	1/12	1/12	3/4	2	1	1/12	1/8	2/3		-2	70		58
6	6	1/6	1/6	3/4	3	1	1/12	1/8	2/3		-3	51		63
6	6	1/6	1/6	3/4	3	1	1/12	1/8	2/3		-2	58		63
6	6	1/6	1/6	3/4	2	1	1/12	1/8	2/3		-3	63		59
6	6	1/6	1/6	3/4	2	1	1/12	1/8	2/3		1	67		59
6	6	1/6	1/6	3/4	2	1	1/12	1/8	2/3		-2	70		59
6	6	1/4	1/4	3/4	3	1	1/2	1/2	1		-3	51		64
6	6	1/4	1/4	3/4	3	1	1/2	1/2	1		-2	58		64
6	6	1/4	1/4	3/4	2	1	1/2	1/2	1		-3	63		60
6	6	1/4	1/4	3/4	2	1	1/2	1/2	1		1	67		60
6	6	1/4	1/4	3/4	2	1	1/2	1/2	1		-2	70		60
6	6	5/8	5/8	3/4	1	1	1/8	1/8	1		-2	70		57
7	7	0	0	3/4	3	1	1/12	1/8	2/3		-3	51		76
7	7	0	0	3/4	1	1	3/8	1/4	3/2		-2	70		65
7	7	1/12	1/12	3/4	3	1	1/12	1/8	2/3		-3	63		77
7	7	1/12	1/12	3/4	2	1	1/12	1/8	2/3		-6	66		70
7	7	1/12	1/12	3/4	2	1	1/12	1/8	2/3		-2	70		70
7	7	1/6	1/6	3/4	3	1	1/12	1/8	2/3		-3	63		78
7	7	1/6	1/6	3/4	2	1	1/12	1/8	2/3		-6	66		71
7	7	1/6	1/6	3/4	2	1	1/12	1/8	2/3		-2	70		71
7	7	1/4	1/4	3/4	3	1	1/8	1/8	1		-3	63		79
7	7	1/4	1/4	3/4	2	1	1/8	1/8	1		-6	66		72
7	7	1/4	1/4	3/4	2	1	1/8	1/8	1		-2	70		72
7	7	3/8	3/8	3/4	3	1	1/8	1/8	1		-3	63		80
7	7	3/8	3/8	3/4	2	1	1/8	1/8	1		-6	66		73
7	7	3/8	3/8	3/4	1	1	1/8	1/8	1		-2	70		66
7	7	3/8	3/8	3/4	2	1	1/8	1/8	1		-2	70		73
7	7	1/2	1/2	3/4	3	1	1/8	1/8	1		-5	61		81
7	7	1/2	1/2	3/4	2	1	1/8	1/8	1		-1	65		74
7	7	1/2	1/2	3/4	1	1	1/12	1/8	2/3		-2	70		67
7	7	1/2	1/2	3/4	2	1	1/8	1/8	1		-2	70		74
7	7	7/12	7/12	3/4	1	1	1/12	1/8	2/3		-2	70		68
7	7	5/8	5/8	3/4	3	1	1/8	1/8	1		0	60		82
7	7	5/8	5/8	3/4	3	1	1/8	1/8	1		-3	63		82
7	7	5/8	5/8	3/4	2	1	1/8	1/8	1		-1	65		75
7	7	5/8	5/8	3/4	2	1	1/8	1/8	1		3	69		75
7	7	5/8	5/8	3/4	2	1	1/8	1/8	1		0	72		75
7	7	2/3	2/3	3/4	1	1	1/12	1/8	2/3		0	72		69
8	8	0	0	3/4	3	1	1/12	1/8	2/3		-2	46		92
8	8	0	0	3/4	1	1	1/4	1/4	1		-5	73		83
8	8	1/12	1/12	3/4	3	1	1/12	1/8	2/3		-2	58		93
8	8	1/12	1/12	3/4	3	1	1/12	1/8	2/3		-5	61		93
8	8	1/12	1/12	3/4	2	1	1/12	1/8	2/3		-1	65		86
8	8	1/12	1/12	3/4	2	1	1/12	1/8	2/3		-2	70		86
8	8	1/12	1/12	3/4	2	1	1/12	1/8	2/3		-5	73		86
8	8	1/6	1/6	3/4	3	1	1/12	1/8	2/3		-2	58		94
8	8	1/6	1/6	3/4	3	1	1/12	1/8	2/3		-5	61		94
8	8	1/6	1/6	3/4	2	1	1/12	1/8	2/3		-1	65		87
8	8	1/6	1/6	3/4	2	1	1/12	1/8	2/3		-2	70		87
8	8	1/6	1/6	3/4	2	1	1/12	1/8	2/3		-5	73		87
8	8	1/4	1/4	3/4	3	1	1/8	1/8	1		-2	58		95
8	8	1/4	1/4	3/4	3	1	1/8	1/8	1		-5	61		95
8	8	1/4	1/4	3/4	2	1	1/8	1/8	1		-1	65		88
8	8	1/4	1/4	3/4	2	1	1/8	1/8	1		-2	70		88
8	8	1/4	1/4	3/4	2	1	1/8	1/8	1		-5	73		88
8	8	1/4	1/4	3/4	1	1	1/4	1/4	1		-5	73		84
8	8	3/8	3/8	3/4	3	1	1/8	1/8	1		-2	58		96
8	8	3/8	3/8	3/4	3	1	1/8	1/8	1		-5	61		96
8	8	3/8	3/8	3/4	2	1	1/8	1/8	1		-1	65		89
8	8	3/8	3/8	3/4	2	1	1/8	1/8	1		-2	70		89
8	8	3/8	3/8	3/4	2	1	1/8	1/8	1		-5	73		89
8	8	1/2	1/2	3/4	3	1	1/8	1/8	1		-2	58		97
8	8	1/2	1/2	3/4	3	1	1/8	1/8	1		-5	61		97
8	8	1/2	1/2	3/4	2	1	1/8	1/8	1		-1	65		90
8	8	1/2	1/2	3/4	2	1	1/8	1/8	1		-2	70		90
8	8	1/2	1/2	3/4	2	1	1/8	1/8	1		-5	73		90
8	8	5/8	5/8	3/4	3	1	1/8	1/8	1		-5	61		98
8	8	5/8	5/8	3/4	2	1	1/8	1/8	1		-1	65		91
8	8	5/8	5/8	3/4	1	1	1/8	1/8	1		-4	68		85
8	8	5/8	5/8	3/4	2	1	1/8	1/8	1		-4	68		91
9	9	0	0	3/4	3	1	1/12	1/8	2/3		-5	37		108
9	9	0	0	3/4	1	1	3/8	1/4	3/2		-4	68		99
9	9	1/12	1/12	3/4	3	1	1/12	1/8	2/3		-5	49		109
9	9	1/12	1/12	3/4	3	1	1/12	1/8	2/3		-4	56		109
9	9	1/12	1/12	3/4	2	1	1/12	1/8	2/3		-5	61		103
9	9	1/12	1/12	3/4	2	1	1/12	1/8	2/3		-1	65		103
9	9	1/12	1/12	3/4	2	1	1/12	1/8	2/3		-4	68		103
9	9	1/6	1/6	3/4	3	1	1/12	1/8	2/3		-5	49		110
9	9	1/6	1/6	3/4	3	1	1/12	1/8	2/3		-4	56		110
9	9	1/6	1/6	3/4	2	1	1/12	1/8	2/3		-5	61		104
9	9	1/6	1/6	3/4	2	1	1/12	1/8	2/3		-1	65		104
9	9	1/6	1/6	3/4	2	1	1/12	1/8	2/3		-4	68		104
9	9	1/4	1/4	3/4	3	1	1/8	1/8	1		-5	49		111
9	9	1/4	1/4	3/4	3	1	1/8	1/8	1		-4	56		111
9	9	1/4	1/4	3/4	2	1	1/8	1/8	1		-5	61		105
9	9	1/4	1/4	3/4	2	1	1/8	1/8	1		-1	65		105
9	9	1/4	1/4	3/4	2	1	1/8	1/8	1		-4	68		105
9	9	3/8	3/8	3/4	3	1	1/8	1/8	1		-5	49		112
9	9	3/8	3/8	3/4	3	1	1/8	1/8	1		-4	56		112
9	9	3/8	3/8	3/4	2	1	1/8	1/8	1		-5	61		106
9	9	3/8	3/8	3/4	2	1	1/8	1/8	1		-1	65		106
9	9	3/8	3/8	3/4	1	1	1/8	1/8	1		-4	68		100
9	9	3/8	3/8	3/4	2	1	1/8	1/8	1		-4	68		106
9	9	1/2	1/2	3/4	3	1	1/8	1/8	1		-2	34		113
9	9	1/2	1/2	3/4	1	1	1/8	1/8	1		0	72		101
9	9	5/8	5/8	3/4	3	1	1/8	1/8	1		-2	46		114
9	9	5/8	5/8	3/4	3	1	1/8	1/8	1		-4	56		114
9	9	5/8	5/8	3/4	2	1	1/8	1/8	1		-5	61		107
9	9	5/8	5/8	3/4	2	1	1/8	1/8	1		-1	65		107
9	9	5/8	5/8	3/4	2	1	1/8	1/8	1		-4	68		107
9	9	5/8	5/8	3/4	1	1	1/8	1/8	1		-2	70		102
10	10	0	0	3/4	3	1	1/12	1/8	2/3		-3	39		123
10	10	0	0	3/4	1	1	1/2	1/2	1		-2	70		115
10	10	1/12	1/12	3/4	3	1	1/12	1/8	2/3		-3	51		124
10	10	1/12	1/12	3/4	3	1	1/12	1/8	2/3		1	55		124
10	10	1/12	1/12	3/4	2	1	1/12	1/8	2/3		-5	61		117
10	10	1/12	1/12	3/4	2	1	1/12	1/8	2/3		-3	63		117
10	10	1/12	1/12	3/4	2	1	1/12	1/8	2/3		-2	70		117
10	10	1/6	1/6	3/4	3	1	1/12	1/8	2/3		-3	51		125
10	10	1/6	1/6	3/4	3	1	1/12	1/8	2/3		1	55		125
10	10	1/6	1/6	3/4	2	1	1/12	1/8	2/3		-5	61		118
10	10	1/6	1/6	3/4	2	1	1/12	1/8	2/3		-3	63		118
10	10	1/6	1/6	3/4	2	1	1/12	1/8	2/3		-2	70		118
10	10	1/4	1/4	3/4	3	1	1/8	1/8	1		-3	51		126
10	10	1/4	1/4	3/4	3	1	1/8	1/8	1		1	55		126
10	10	1/4	1/4	3/4	2	1	1/8	1/8	1		-5	61		119
10	10	1/4	1/4	3/4	2	1	1/8	1/8	1		-3	63		119
10	10	1/4	1/4	3/4	2	1	1/8	1/8	1		-2	70		119
10	10	3/8	3/8	3/4	3	1	1/8	1/8	1		-3	51		127
10	10	3/8	3/8	3/4	3	1	1/8	1/8	1		-2	58		127
10	10	3/8	3/8	3/4	2	1	1/8	1/8	1		-5	61		120
10	10	3/8	3/8	3/4	2	1	1/8	1/8	1		1	67		120
10	10	1/2	1/2	3/4	3	1	1/8	1/8	1		-3	51		128
10	10	1/2	1/2	3/4	3	1	1/8	1/8	1		-4	56		128
10	10	1/2	1/2	3/4	2	1	1/8	1/8	1		-5	61		121
10	10	1/2	1/2	3/4	2	1	1/8	1/8	1		-1	65		121
10	10	5/8	5/8	3/4	3	1	1/8	1/8	1		-3	51		129
10	10	5/8	5/8	3/4	3	1	1/8	1/8	1		1	55		129
10	10	5/8	5/8	3/4	2	1	1/8	1/8	1		-5	61		122
10	10	5/8	5/8	3/4	1	1	1/8	1/8	1		-3	63		116
10	10	5/8	5/8	3/4	2	1	1/8	1/8	1		-3	63		122
11	11	0	0	3/4	3	1	1/12	1/8	2/3		-4	44		140
11	11	0	0	3/4	1	1	3/8	1/4	3/2		0	72		130
11	11	1/12	1/12	3/4	3	1	1/12	1/8	2/3		-4	56		141
11	11	1/12	1/12	3/4	3	1	1/12	1/8	2/3		0	60		141
11	11	1/12	1/12	3/4	2	1	1/12	1/8	2/3		-3	63		134
11	11	1/12	1/12	3/4	2	1	1/12	1/8	2/3		0	72		134
11	11	1/6	1/6	3/4	3	1	1/12	1/8	2/3		-4	56		142
11	11	1/6	1/6	3/4	3	1	1/12	1/8	2/3		0	60		142
11	11	1/6	1/6	3/4	2	1	1/12	1/8	2/3		-3	63		135
11	11	1/6	1/6	3/4	2	1	1/12	1/8	2/3		0	72		135
11	11	1/4	1/4	3/4	3	1	1/8	1/8	1		-4	56		143
11	11	1/4	1/4	3/4	3	1	1/8	1/8	1		0	60		143
11	11	1/4	1/4	3/4	2	1	1/8	1/8	1		-3	63		136
11	11	1/4	1/4	3/4	2	1	1/8	1/8	1		0	72		136
11	11	3/8	3/8	3/4	3	1	1/8	1/8	1		-4	56		144
11	11	3/8	3/8	3/4	3	1	1/8	1/8	1		0	60		144
11	11	3/8	3/8	3/4	2	1	1/8	1/8	1		-3	63		137
11	11	3/8	3/8	3/4	1	1	1/8	1/8	1		0	72		131
11	11	3/8	3/8	3/4	2	1	1/8	1/8	1		0	72		137
11	11	1/2	1/2	3/4	3	1	1/8	1/8	1		1	55		145
11	11	1/2	1/2	3/4	3	1	1/8	1/8	1		-2	58		145
11	11	1/2	1/2	3/4	2	1	1/8	1/8	1		-3	63		138
11	11	1/2	1/2	3/4	1	1	1/8	1/8	1		-2	70		132
11	11	1/2	1/2	3/4	2	1	1/8	1/8	1		-2	70		138
11	11	5/8	5/8	3/4	3	1	1/8	1/8	1		-4	56		146
11	11	5/8	5/8	3/4	3	1	1/8	1/8	1		0	60		146
11	11	5/8	5/8	3/4	2	1	1/8	1/8	1		-3	63		139
11	11	5/8	5/8	3/4	1	1	1/8	1/8	1		0	72		133
11	11	5/8	5/8	3/4	2	1	1/8	1/8	1		0	72		139
12	12	0	0	3/4	3	1	1/12	1/8	2/3		-4	44		155
12	12	0	0	3/4	1	1	1/2	1/2	1		0	72		147
12	12	1/12	1/12	3/4	3	1	1/12	1/8	2/3		-4	56		156
12	12	1/12	1/12	3/4	3	1	1/12	1/8	2/3		-9	57		156
12	12	1/12	1/12	3/4	2	1	1/12	1/8	2/3		-3	63		149
12	12	1/12	1/12	3/4	2	1	1/12	1/8	2/3		6	66		149
12	12	1/12	1/12	3/4	2	1	1/12	1/8	2/3		0	72		149
12	12	1/6	1/6	3/4	3	1	1/12	1/8	2/3		-4	56		157
12	12	1/6	1/6	3/4	3	1	1/12	1/8	2/3		-9	57		157
12	12	1/6	1/6	3/4	2	1	1/12	1/8	2/3		-3	63		150
12	12	1/6	1/6	3/4	2	1	1/12	1/8	2/3		6	66		150
12	12	1/6	1/6	3/4	2	1	1/12	1/8	2/3		0	72		150
12	12	1/4	1/4	3/4	3	1	1/8	1/8	1		-4	56		158
12	12	1/4	1/4	3/4	3	1	1/8	1/8	1		-9	57		158
12	12	1/4	1/4	3/4	2	1	1/8	1/8	1		-3	63		151
12	12	1/4	1/4	3/4	2	1	1/8	1/8	1		6	66		151
12	12	1/4	1/4	3/4	2	1	1/8	1/8	1		0	72		151
12	12	3/8	3/8	3/4	3	1	1/8	1/8	1		-4	56		159
12	12	3/8	3/8	3/4	3	1	1/8	1/8	1		-9	57		159
12	12	3/8	3/8	3/4	2	1	1/8	1/8	1		-3	63		152
12	12	3/8	3/8	3/4	2	1	1/8	1/8	1		6	66		152
12	12	3/8	3/8	3/4	2	1	1/8	1/8	1		0	72		152
12	12	1/2	1/2	3/4	3	1	1/8	1/8	1		-4	56		160
12	12	1/2	1/2	3/4	3	1	1/8	1/8	1		-2	58		160
12	12	1/2	1/2	3/4	2	1	1/8	1/8	1		-3	63		153
12	12	1/2	1/2	3/4	2	1	1/8	1/8	1		1	67		153
12	12	1/2	1/2	3/4	2	1	1/8	1/8	1		-5	73		153
12	12	1/2	1/2	3/4	1	1	1/4	1/4	1		-5	73		148
12	12	5/8	5/8	3/4	3	1	1/8	1/8	1		-4	56		161
12	12	5/8	5/8	3/4	3	1	1/8	1/8	1		-2	58		161
12	12	5/8	5/8	3/4	2	1	1/8	1/8	1		-3	63		154
12	12	5/8	5/8	3/4	2	1	1/8	1/8	1		1	67		154
12	12	5/8	5/8	3/4	2	1	1/8	1/8	1		-5	73		154
13	13	0	0	3/4	3	1	1/12	1/8	2/3		-4	44		173
13	13	0	0	3/4	1	1	1/4	1/4	1		2	74		162
13	13	1/12	1/12	3/4	3	1	1/12	1/8	2/3		-4	56		174
13	13	1/12	1/12	3/4	3	1	1/12	1/8	2/3		5	59		174
13	13	1/12	1/12	3/4	2	1	1/12	1/8	2/3		-1	65		167
13	13	1/12	1/12	3/4	2	1	1/12	1/8	2/3		-4	68		167
13	13	1/12	1/12	3/4	2	1	1/12	1/8	2/3		2	74		167
13	13	1/6	1/6	3/4	3	1	1/12	1/8	2/3		-4	56		175
13	13	1/6	1/6	3/4	3	1	1/12	1/8	2/3		5	59		175
13	13	1/6	1/6	3/4	2	1	1/12	1/8	2/3		-1	65		168
13	13	1/6	1/6	3/4	2	1	1/12	1/8	2/3		-4	68		168
13	13	1/6	1/6	3/4	2	1	1/12	1/8	2/3		2	74		168
13	13	1/4	1/4	3/4	3	1	1/8	1/8	1		-4	56		176
13	13	1/4	1/4	3/4	3	1	1/8	1/8	1		5	59		176
13	13	1/4	1/4	3/4	2	1	1/8	1/8	1		-1	65		169
13	13	1/4	1/4	3/4	2	1	1/8	1/8	1		-4	68		169
13	13	1/4	1/4	3/4	1	1	1/8	1/8	1		2	74		163
13	13	1/4	1/4	3/4	2	1	1/8	1/8	1		2	74		169
13	13	3/8	3/8	3/4	3	1	1/8	1/8	1		0	60		177
13	13	3/8	3/8	3/4	2	1	1/8	1/8	1		-3	63		170
13	13	3/8	3/8	3/4	2	1	1/8	1/8	1		-4	68		170
13	13	3/8	3/8	3/4	1	1	1/8	1/8	1		-3	75		164
13	13	3/8	3/8	3/4	2	1	1/8	1/8	1		-3	75		170
13	13	1/2	1/2	3/4	3	1	1/8	1/8	1		-5	61		178
13	13	1/2	1/2	3/4	2	1	1/8	1/8	1		-3	63		171
13	13	1/2	1/2	3/4	3	1	1/8	1/8	1		-1	65		178
13	13	1/2	1/2	3/4	1	1	1/8	1/8	1		-1	77		165
13	13	1/2	1/2	3/4	2	1	1/8	1/8	1		-1	77		171
13	13	5/8	5/8	3/4	3	1	1/8	1/8	1		0	60		179
13	13	5/8	5/8	3/4	2	1	1/8	1/8	1		-3	63		172
13	13	5/8	5/8	3/4	3	1	1/8	1/8	1		-3	63		179
13	13	5/8	5/8	3/4	1	1	1/8	1/8	1		-3	75		166
13	13	5/8	5/8	3/4	2	1	1/8	1/8	1		-3	75		172
14	14	0	0	3/4	3	1	1/12	1/8	2/3		-3	39		187
14	14	0	0	3/4	1	1	1/2	1/2	1		-2	70		180
14	14	1/12	1/12	3/4	3	1	1/12	1/8	2/3		-3	51		188
14	14	1/12	1/12	3/4	3	1	1/12	1/8	2/3		-2	58		188
14	14	1/12	1/12	3/4	2	1	1/12	1/8	2/3		-3	63		181
14	14	1/12	1/12	3/4	2	1	1/12	1/8	2/3		1	67		181
14	14	1/12	1/12	3/4	2	1	1/12	1/8	2/3		-2	70		181
14	14	1/6	1/6	3/4	3	1	1/12	1/8	2/3		-3	51		189
14	14	1/6	1/6	3/4	3	1	1/12	1/8	2/3		-2	58		189
14	14	1/6	1/6	3/4	2	1	1/12	1/8	2/3		-3	63		182
14	14	1/6	1/6	3/4	2	1	1/12	1/8	2/3		1	67		182
14	14	1/6	1/6	3/4	2	1	1/12	1/8	2/3		-2	70		182
14	14	1/4	1/4	3/4	3	1	1/8	1/8	1		-3	51		190
14	14	1/4	1/4	3/4	3	1	1/8	1/8	1		-2	58		190
14	14	1/4	1/4	3/4	2	1	1/8	1/8	1		-3	63		183
14	14	1/4	1/4	3/4	2	1	1/8	1/8	1		1	67		183
14	14	1/4	1/4	3/4	2	1	1/8	1/8	1		-2	70		183
14	14	3/8	3/8	3/4	3	1	1/8	1/8	1		-3	51		191
14	14	3/8	3/8	3/4	3	1	1/8	1/8	1		-2	58		191
14	14	3/8	3/8	3/4	2	1	1/8	1/8	1		-3	63		184
14	14	3/8	3/8	3/4	2	1	1/8	1/8	1		1	67		184
14	14	3/8	3/8	3/4	2	1	1/8	1/8	1		-2	70		184
14	14	1/2	1/2	3/4	3	1	1/8	1/8	1		-3	51		192
14	14	1/2	1/2	3/4	3	1	1/8	1/8	1		-2	58		192
14	14	1/2	1/2	3/4	2	1	1/8	1/8	1		-3	63		185
14	14	1/2	1/2	3/4	2	1	1/8	1/8	1		1	67		185
14	14	1/2	1/2	3/4	2	1	1/8	1/8	1		-2	70		185
14	14	5/8	5/8	3/4	3	1	1/8	1/8	1		-3	51		193
14	14	5/8	5/8	3/4	3	1	1/8	1/8	1		-2	58		193
14	14	5/8	5/8	3/4	2	1	1/8	1/8	1		-3	63		186
14	14	5/8	5/8	3/4	2	1	1/8	1/8	1		1	67		186
14	14	5/8	5/8	3/4	2	1	1/8	1/8	1		-2	70		186
15	15	0	0	3/4	3	1	1/12	1/8	2/3		-3	39		205
15	15	0	0	3/4	1	1	1/4	1/4	1		-2	70		194
15	15	1/12	1/12	3/4	3	1	1/12	1/8	2/3		-3	51		206
15	15	1/12	1/12	3/4	3	1	1/12	1/8	2/3		-2	58		206
15	15	1/12	1/12	3/4	2	1	1/12	1/8	2/3		-3	63		199
15	15	1/12	1/12	3/4	2	1	1/12	1/8	2/3		-6	66		199
15	15	1/12	1/12	3/4	2	1	1/12	1/8	2/3		-2	70		199
15	15	1/6	1/6	3/4	3	1	1/12	1/8	2/3		-3	51		207
15	15	1/6	1/6	3/4	3	1	1/12	1/8	2/3		-2	58		207
15	15	1/6	1/6	3/4	2	1	1/12	1/8	2/3		-3	63		200
15	15	1/6	1/6	3/4	2	1	1/12	1/8	2/3		-6	66		200
15	15	1/6	1/6	3/4	2	1	1/12	1/8	2/3		-2	70		200
15	15	1/4	1/4	3/4	3	1	1/8	1/8	1		-3	51		208
15	15	1/4	1/4	3/4	3	1	1/8	1/8	1		-2	58		208
15	15	1/4	1/4	3/4	2	1	1/8	1/8	1		-3	63		201
15	15	1/4	1/4	3/4	2	1	1/8	1/8	1		-6	66		201
15	15	1/4	1/4	3/4	1	1	1/8	1/8	1		-2	70		195
15	15	1/4	1/4	3/4	2	1	1/8	1/8	1		-2	70		201
15	15	3/8	3/8	3/4	3	1	1/8	1/8	1		-3	51		209
15	15	3/8	3/8	3/4	3	1	1/8	1/8	1		-2	58		209
15	15	3/8	3/8	3/4	2	1	1/8	1/8	1		-6	66		202
15	15	3/8	3/8	3/4	1	1	1/8	1/8	1		-2	70		196
15	15	3/8	3/8	3/4	2	1	1/8	1/8	1		-2	70		202
15	15	1/2	1/2	3/4	3	1	1/8	1/8	1		-5	49		210
15	15	1/2	1/2	3/4	3	1	1/8	1/8	1		-2	58		210
15	15	1/2	1/2	3/4	2	1	1/8	1/8	1		-1	65		203
15	15	1/2	1/2	3/4	1	1	1/8	1/8	1		-2	70		197
15	15	1/2	1/2	3/4	2	1	1/8	1/8	1		-2	70		203
15	15	5/8	5/8	3/4	3	1	1/8	1/8	1		0	48		211
15	15	5/8	5/8	3/4	3	1	1/8	1/8	1		-1	53		211
15	15	5/8	5/8	3/4	2	1	1/8	1/8	1		-3	63		204
15	15	5/8	5/8	3/4	2	1	1/8	1/8	1		-1	65		204
15	15	5/8	5/8	3/4	2	1	1/8	1/8	1		3	69		204
15	15	5/8	5/8	3/4	1	1	1/8	1/8	1		0	72		198
15	15	5/8	5/8	3/4	2	1	1/8	1/8	1		0	72		204
16	16	0	0	3/4	3	1	1/12	1/8	2/3		-2	34		221
16	16	0	0	3/4	1	1	1/4	1/4	1		-5	73		212
16	16	1/12	1/12	3/4	3	1	1/12	1/8	2/3		-2	46		222
16	16	1/12	1/12	3/4	3	1	1/12	1/8	2/3		-1	53		222
16	16	1/12	1/12	3/4	2	1	1/12	1/8	2/3		-5	61		215
16	16	1/12	1/12	3/4	2	1	1/12	1/8	2/3		-1	65		215
16	16	1/12	1/12	3/4	2	1	1/12	1/8	2/3		-5	73		215
16	16	1/6	1/6	3/4	3	1	1/12	1/8	2/3		-2	46		223
16	16	1/6	1/6	3/4	3	1	1/12	1/8	2/3		-1	53		223
16	16	1/6	1/6	3/4	2	1	1/12	1/8	2/3		-5	61		216
16	16	1/6	1/6	3/4	2	1	1/12	1/8	2/3		-1	65		216
16	16	1/6	1/6	3/4	2	1	1/12	1/8	2/3		-5	73		216
16	16	1/4	1/4	3/4	3	1	1/8	1/8	1		-2	46		224
16	16	1/4	1/4	3/4	3	1	1/8	1/8	1		-1	53		224
16	16	1/4	1/4	3/4	2	1	1/8	1/8	1		-5	61		217
16	16	1/4	1/4	3/4	2	1	1/8	1/8	1		-1	65		217
16	16	1/4	1/4	3/4	2	1	1/8	1/8	1		-5	73		217
16	16	1/4	1/4	3/4	1	1	1/4	1/4	1		-5	73		213
16	16	3/8	3/8	3/4	3	1	1/8	1/8	1		-2	46		225
16	16	3/8	3/8	3/4	3	1	1/8	1/8	1		-1	53		225
16	16	3/8	3/8	3/4	2	1	1/8	1/8	1		-5	61		218
16	16	3/8	3/8	3/4	2	1	1/8	1/8	1		-1	65		218
16	16	3/8	3/8	3/4	2	1	1/8	1/8	1		-5	73		218
16	16	1/2	1/2	3/4	3	1	1/8	1/8	1		-2	46		226
16	16	1/2	1/2	3/4	3	1	1/8	1/8	1		-1	53		226
16	16	1/2	1/2	3/4	2	1	1/8	1/8	1		-5	61		219
16	16	1/2	1/2	3/4	2	1	1/8	1/8	1		-1	65		219
16	16	1/2	1/2	3/4	2	1	1/8	1/8	1		-5	73		219
16	16	5/8	5/8	3/4	3	1	1/8	1/8	1		-5	49		227
16	16	5/8	5/8	3/4	3	1	1/8	1/8	1		-8	52		227
16	16	5/8	5/8	3/4	2	1	1/8	1/8	1		-5	61		220
16	16	5/8	5/8	3/4	1	1	1/8	1/8	1		-4	68		214
16	16	5/8	5/8	3/4	2	1	1/8	1/8	1		-4	68		220
17	17	0	0	3/4	3	1	1/12	1/8	2/3		-5	37		237
17	17	0	0	3/4	1	1	3/8	1/4	3/2		-4	68		228
17	17	1/12	1/12	3/4	3	1	1/12	1/8	2/3		-5	49		238
17	17	1/12	1/12	3/4	3	1	1/12	1/8	2/3		-4	56		238
17	17	1/12	1/12	3/4	2	1	1/12	1/8	2/3		-5	61		232
17	17	1/12	1/12	3/4	2	1	1/12	1/8	2/3		-8	64		232
17	17	1/12	1/12	3/4	2	1	1/12	1/8	2/3		-4	68		232
17	17	1/6	1/6	3/4	3	1	1/12	1/8	2/3		-5	49		239
17	17	1/6	1/6	3/4	3	1	1/12	1/8	2/3		-4	56		239
17	17	1/6	1/6	3/4	2	1	1/12	1/8	2/3		-5	61		233
17	17	1/6	1/6	3/4	2	1	1/12	1/8	2/3		-8	64		233
17	17	1/6	1/6	3/4	2	1	1/12	1/8	2/3		-4	68		233
17	17	1/4	1/4	3/4	3	1	1/8	1/8	1		-5	49		240
17	17	1/4	1/4	3/4	3	1	1/8	1/8	1		-4	56		240
17	17	1/4	1/4	3/4	2	1	1/8	1/8	1		-5	61		234
17	17	1/4	1/4	3/4	2	1	1/8	1/8	1		-8	64		234
17	17	1/4	1/4	3/4	2	1	1/8	1/8	1		-4	68		234
17	17	3/8	3/8	3/4	3	1	1/8	1/8	1		-5	49		241
17	17	3/8	3/8	3/4	3	1	1/8	1/8	1		-4	56		241
17	17	3/8	3/8	3/4	2	1	1/8	1/8	1		-5	61		235
17	17	3/8	3/8	3/4	2	1	1/8	1/8	1		-8	64		235
17	17	3/8	3/8	3/4	1	1	1/8	1/8	1		-4	68		229
17	17	3/8	3/8	3/4	2	1	1/8	1/8	1		-4	68		235
17	17	1/2	1/2	3/4	3	1	1/8	1/8	1		-2	34		242
17	17	1/2	1/2	3/4	1	1	1/8	1/8	1		0	72		230
17	17	5/8	5/8	3/4	3	1	1/8	1/8	1		-2	46		243
17	17	5/8	5/8	3/4	3	1	1/8	1/8	1		-4	56		243
17	17	5/8	5/8	3/4	2	1	1/8	1/8	1		-5	61		236
17	17	5/8	5/8	3/4	2	1	1/8	1/8	1		-8	64		236
17	17	5/8	5/8	3/4	2	1	1/8	1/8	1		-4	68		236
17	17	5/8	5/8	3/4	1	1	1/8	1/8	1		-2	70		231
18	18	0	0	3/4	3	1	1/12	1/8	2/3		-3	39		251
18	18	0	0	3/4	1	1	1/4	1/4	1		-3	63		244
18	18	1/12	1/12	3/4	3	1	1/12	1/8	2/3		-3	51		252
18	18	1/12	1/12	3/4	3	1	1/12	1/8	2/3		1	55		252
18	18	1/12	1/12	3/4	2	1	1/12	1/8	2/3		-5	61		245
18	18	1/12	1/12	3/4	2	1	1/12	1/8	2/3		-3	63		245
18	18	1/12	1/12	3/4	2	1	1/12	1/8	2/3		-2	70		245
18	18	1/6	1/6	3/4	3	1	1/12	1/8	2/3		-3	51		253
18	18	1/6	1/6	3/4	3	1	1/12	1/8	2/3		1	55		253
18	18	1/6	1/6	3/4	2	1	1/12	1/8	2/3		-5	61		246
18	18	1/6	1/6	3/4	2	1	1/12	1/8	2/3		-3	63		246
18	18	1/6	1/6	3/4	2	1	1/12	1/8	2/3		-2	70		246
18	18	1/4	1/4	3/4	3	1	1/8	1/8	1		-3	51		254
18	18	1/4	1/4	3/4	3	1	1/8	1/8	1		1	55		254
18	18	1/4	1/4	3/4	2	1	1/8	1/8	1		-5	61		247
18	18	1/4	1/4	3/4	2	1	1/8	1/8	1		-3	63		247
18	18	1/4	1/4	3/4	2	1	1/8	1/8	1		-2	70		247
18	18	3/8	3/8	3/4	3	1	1/8	1/8	1		-3	51		255
18	18	3/8	3/8	3/4	3	1	1/8	1/8	1		1	55		255
18	18	3/8	3/8	3/4	2	1	1/8	1/8	1		-5	61		248
18	18	3/8	3/8	3/4	2	1	1/8	1/8	1		-3	63		248
18	18	3/8	3/8	3/4	2	1	1/8	1/8	1		-2	70		248
18	18	1/2	1/2	3/4	3	1	1/8	1/8	1		-3	51		256
18	18	1/2	1/2	3/4	3	1	1/8	1/8	1		-1	53		256
18	18	1/2	1/2	3/4	2	1	1/8	1/8	1		-5	61		249
18	18	1/2	1/2	3/4	2	1	1/8	1/8	1		-3	63		249
18	18	1/2	1/2	3/4	2	1	1/8	1/8	1		-4	68		249
18	18	5/8	5/8	3/4	3	1	1/8	1/8	1		-3	51		257
18	18	5/8	5/8	3/4	3	1	1/8	1/8	1		-4	56		257
18	18	5/8	5/8	3/4	2	1	1/8	1/8	1		-5	61		250
18	18	5/8	5/8	3/4	2	1	1/8	1/8	1		-3	63		250
18	18	5/8	5/8	3/4	2	1	1/8	1/8	1		0	72		250
19	19	0	0	3/4	3	1	1/12	1/8	2/3		-3	39		269
19	19	0	0	3/4	2	1	1/4	1/4	1	1	-2	70		258
19	19	1/12	1/12	3/4	3	1	1/12	1/8	2/3		-3	51		270
19	19	1/12	1/12	3/4	3	1	1/12	1/8	2/3		1	55		270
19	19	1/12	1/12	3/4	2	2	1/12	1/8	2/3		-5	61		263
19	19	1/12	1/12	3/4	2	2	1/12	1/8	2/3		-3	63		263
19	19	1/6	1/6	3/4	3	1	1/12	1/8	2/3		-3	51		271
19	19	1/6	1/6	3/4	3	1	1/12	1/8	2/3		1	55		271
19	19	1/6	1/6	3/4	2	2	1/12	1/8	2/3		-5	61		264
19	19	1/6	1/6	3/4	2	2	1/12	1/8	2/3		-3	63		264
19	19	1/4	1/4	3/4	3	1	1/8	1/8	1		-3	51		272
19	19	1/4	1/4	3/4	3	1	1/8	1/8	1		1	55		272
19	19	1/4	1/4	3/4	2	2	1/8	1/8	1		-5	61		265
19	19	1/4	1/4	3/4	2	2	1/8	1/8	1		-3	63		265
19	19	1/4	1/4	3/4	2	1	1/8	1/8	1	-1	-2	70		259
19	19	3/8	3/8	3/4	3	1	1/8	1/8	1		-3	51		273
19	19	3/8	3/8	3/4	3	1	1/8	1/8	1		-2	58		273
19	19	3/8	3/8	3/4	2	2	1/8	1/8	1		-5	61		266
19	19	3/8	3/8	3/4	2	2	1/8	1/8	1		-3	63		266
19	19	3/8	3/8	3/4	2	1	1/8	1/8	1		1	67		260
19	19	1/2	1/2	3/4	3	1	1/8	1/8	1		-3	51		274
19	19	1/2	1/2	3/4	3	1	1/8	1/8	1		-4	56		274
19	19	1/2	1/2	3/4	2	2	1/8	1/8	1		-5	61		267
19	19	1/2	1/2	3/4	2	1	1/8	1/8	1		-1	65		261
19	19	5/8	5/8	3/4	3	1	1/8	1/8	1		-3	51		275
19	19	5/8	5/8	3/4	3	1	1/8	1/8	1		0	60		275
19	19	5/8	5/8	3/4	2	2	1/8	1/8	1		-5	61		268
19	19	5/8	5/8	3/4	2	1	1/8	1/8	1		-4	68		262
20	20	0	0	3/4	3	1	1/12	1/8	2/3		-3	39		287
20	20	0	0	3/4	2	1	1/4	1/4	1	1	1	67		276
20	20	1/12	1/12	3/4	3	1	1/12	1/8	2/3		-3	51		288
20	20	1/12	1/12	3/4	3	1	1/12	1/8	2/3		-2	58		288
20	20	1/12	1/12	3/4	2	2	1/12	1/8	2/3		-5	61		281
20	20	1/12	1/12	3/4	2	2	1/12	1/8	2/3		-3	63		281
20	20	1/6	1/6	3/4	3	1	1/12	1/8	2/3		-3	51		289
20	20	1/6	1/6	3/4	3	1	1/12	1/8	2/3		-2	58		289
20	20	1/6	1/6	3/4	2	2	1/12	1/8	2/3		-5	61		282
20	20	1/6	1/6	3/4	2	2	1/12	1/8	2/3		-3	63		282
20	20	1/4	1/4	3/4	3	1	1/8	1/8	1		-3	51		290
20	20	1/4	1/4	3/4	3	1	1/8	1/8	1		-2	58		290
20	20	1/4	1/4	3/4	2	2	1/8	1/8	1		-5	61		283
20	20	1/4	1/4	3/4	2	1	1/8	1/8	1		-3	63		277
20	20	1/4	1/4	3/4	2	1	1/8	1/8	1	-1	1	67		277
20	20	3/8	3/8	3/4	3	1	1/8	1/8	1		-3	51		291
20	20	3/8	3/8	3/4	3	1	1/8	1/8	1		-4	56		291
20	20	3/8	3/8	3/4	2	2	1/8	1/8	1		-5	61		284
20	20	3/8	3/8	3/4	2	1	1/8	1/8	1		-1	65		278
20	20	1/2	1/2	3/4	3	1	1/8	1/8	1		-3	51		292
20	20	1/2	1/2	3/4	3	1	1/8	1/8	1		1	55		292
20	20	1/2	1/2	3/4	2	2	1/8	1/8	1		-5	61		285
20	20	1/2	1/2	3/4	2	1	1/8	1/8	1		-3	63		279
20	20	5/8	5/8	3/4	3	1	1/8	1/8	1		-3	51		293
20	20	5/8	5/8	3/4	3	1	1/8	1/8	1		-4	56		293
20	20	5/8	5/8	3/4	2	2	1/8	1/8	1		-5	61		286
20	20	5/8	5/8	3/4	2	1	1/8	1/8	1		-1	65		280
21	21	0	0	3/4	3	1	1/8	1/8	1		-3	51		299
21	21	0	0	3/4	3	1	1/8	1/8	1		-2	58		299
21	21	0	0	3/4	2	1	1/8	1/8	1		-5	61		295
21	21	0	0	3/4	2	1	1/8	1/8	1		1	67		295
21	21	1/8	1/8	3/4	3	1	1/8	1/8	1		-3	51		300
21	21	1/8	1/8	3/4	3	1	1/8	1/8	1		0	60		300
21	21	1/8	1/8	3/4	2	1	1/8	1/8	1		-3	63		296
21	21	1/8	1/8	3/4	2	1	1/8	1/8	1		-4	68		296
21	21	1/4	1/4	3/4	3	1	1/4	1/4	1		-3	51		301
21	21	1/4	1/4	3/4	3	1	1/4	1/4	1		-3	63		301
21	21	1/4	1/4	3/4	2	1	1/4	1/4	1		1	67		297
21	21	1/4	1/4	3/4	2	1	1/4	1/4	1		0	72		297
21	21	1/2	1/2	3/4	3	1	1/4	1/4	1		-3	51		302
21	21	1/2	1/2	3/4	3	1	1/4	1/4	1		-5	61		302
21	21	1/2	1/2	3/4	2	1	1/4	1/4	1		1	67		298
21	21	1/2	1/2	3/4	2	1	1/4	1/4	1		-2	70		298
21	21	5/8	5/8	3/4	1	1	1/8	1/8	1		-3	63		294
22	22	0	0	3/4	3	1	1/12	1/8	2/3		-4	44		313
22	22	0	0	3/4	1	1	3/8	1/4	3/2		0	72		303
22	22	1/12	1/12	3/4	3	1	1/12	1/8	2/3		-4	56		314
22	22	1/12	1/12	3/4	3	1	1/12	1/8	2/3		0	60		314
22	22	1/12	1/12	3/4	2	1	1/12	1/8	2/3		-3	63		307
22	22	1/12	1/12	3/4	2	1	1/12	1/8	2/3		0	72		307
22	22	1/6	1/6	3/4	3	1	1/12	1/8	2/3		-4	56		315
22	22	1/6	1/6	3/4	3	1	1/12	1/8	2/3		0	60		315
22	22	1/6	1/6	3/4	2	1	1/12	1/8	2/3		-3	63		308
22	22	1/6	1/6	3/4	2	1	1/12	1/8	2/3		0	72		308
22	22	1/4	1/4	3/4	3	1	1/8	1/8	1		-4	56		316
22	22	1/4	1/4	3/4	3	1	1/8	1/8	1		0	60		316
22	22	1/4	1/4	3/4	2	1	1/8	1/8	1		-3	63		309
22	22	1/4	1/4	3/4	2	1	1/8	1/8	1		0	72		309
22	22	3/8	3/8	3/4	3	1	1/8	1/8	1		-4	56		317
22	22	3/8	3/8	3/4	3	1	1/8	1/8	1		0	60		317
22	22	3/8	3/8	3/4	2	1	1/8	1/8	1		-3	63		310
22	22	3/8	3/8	3/4	1	1	1/8	1/8	1		0	72		304
22	22	3/8	3/8	3/4	2	1	1/8	1/8	1		0	72		310
22	22	1/2	1/2	3/4	3	1	1/8	1/8	1		1	55		318
22	22	1/2	1/2	3/4	3	1	1/8	1/8	1		-2	58		318
22	22	1/2	1/2	3/4	2	1	1/8	1/8	1		-3	63		311
22	22	1/2	1/2	3/4	1	1	1/8	1/8	1		-2	70		305
22	22	1/2	1/2	3/4	2	1	1/8	1/8	1		-2	70		311
22	22	5/8	5/8	3/4	3	1	1/8	1/8	1		-4	56		319
22	22	5/8	5/8	3/4	3	1	1/8	1/8	1		0	60		319
22	22	5/8	5/8	3/4	2	1	1/8	1/8	1		-3	63		312
22	22	5/8	5/8	3/4	1	1	1/8	1/8	1		0	72		306
22	22	5/8	5/8	3/4	2	1	1/8	1/8	1		0	72		312
23	23	0	0	3/4	3	1	1/12	1/8	2/3		-4	44		328
23	23	0	0	3/4	1	1	1/2	1/2	1		0	72		320
23	23	1/12	1/12	3/4	3	1	1/12	1/8	2/3		-4	56		329
23	23	1/12	1/12	3/4	3	1	1/12	1/8	2/3		-9	57		329
23	23	1/12	1/12	3/4	2	1	1/12	1/8	2/3		-3	63		322
23	23	1/12	1/12	3/4	2	1	1/12	1/8	2/3		6	66		322
23	23	1/12	1/12	3/4	2	1	1/12	1/8	2/3		0	72		322
23	23	1/6	1/6	3/4	3	1	1/12	1/8	2/3		-4	56		330
23	23	1/6	1/6	3/4	3	1	1/12	1/8	2/3		-9	57		330
23	23	1/6	1/6	3/4	2	1	1/12	1/8	2/3		-3	63		323
23	23	1/6	1/6	3/4	2	1	1/12	1/8	2/3		6	66		323
23	23	1/6	1/6	3/4	2	1	1/12	1/8	2/3		0	72		323
23	23	1/4	1/4	3/4	3	1	1/8	1/8	1		-4	56		331
23	23	1/4	1/4	3/4	3	1	1/8	1/8	1		-9	57		331
23	23	1/4	1/4	3/4	2	1	1/8	1/8	1		-3	63		324
23	23	1/4	1/4	3/4	2	1	1/8	1/8	1		6	66		324
23	23	1/4	1/4	3/4	2	1	1/8	1/8	1		0	72		324
23	23	3/8	3/8	3/4	3	1	1/8	1/8	1		-4	56		332
23	23	3/8	3/8	3/4	3	1	1/8	1/8	1		-9	57		332
23	23	3/8	3/8	3/4	2	1	1/8	1/8	1		-3	63		325
23	23	3/8	3/8	3/4	2	1	1/8	1/8	1		6	66		325
23	23	3/8	3/8	3/4	2	1	1/8	1/8	1		0	72		325
23	23	1/2	1/2	3/4	3	1	1/8	1/8	1		-4	56		333
23	23	1/2	1/2	3/4	3	1	1/8	1/8	1		-2	58		333
23	23	1/2	1/2	3/4	2	1	1/8	1/8	1		-3	63		326
23	23	1/2	1/2	3/4	2	1	1/8	1/8	1		1	67		326
23	23	1/2	1/2	3/4	2	1	1/8	1/8	1		-5	73		326
23	23	1/2	1/2	3/4	1	1	1/4	1/4	1		-5	73		321
23	23	5/8	5/8	3/4	3	1	1/8	1/8	1		-4	56		334
23	23	5/8	5/8	3/4	3	1	1/8	1/8	1		-2	58		334
23	23	5/8	5/8	3/4	2	1	1/8	1/8	1		-3	63		327
23	23	5/8	5/8	3/4	2	1	1/8	1/8	1		1	67		327
23	23	5/8	5/8	3/4	2	1	1/8	1/8	1		-5	73		327
24	24	0	0	3/4	3	1	1/12	1/8	2/3		-4	44		346
24	24	0	0	3/4	1	1	1/4	1/4	1		2	74		335
24	24	1/12	1/12	3/4	3	1	1/12	1/8	2/3		-4	56		347
24	24	1/12	1/12	3/4	3	1	1/12	1/8	2/3		5	59		347
24	24	1/12	1/12	3/4	2	1	1/12	1/8	2/3		-1	65		340
24	24	1/12	1/12	3/4	2	1	1/12	1/8	2/3		-4	68		340
24	24	1/12	1/12	3/4	2	1	1/12	1/8	2/3		2	74		340
24	24	1/6	1/6	3/4	3	1	1/12	1/8	2/3		-4	56		348
24	24	1/6	1/6	3/4	3	1	1/12	1/8	2/3		5	59		348
24	24	1/6	1/6	3/4	2	1	1/12	1/8	2/3		-1	65		341
24	24	1/6	1/6	3/4	2	1	1/12	1/8	2/3		-4	68		341
24	24	1/6	1/6	3/4	2	1	1/12	1/8	2/3		2	74		341
24	24	1/4	1/4	3/4	3	1	1/8	1/8	1		-4	56		349
24	24	1/4	1/4	3/4	3	1	1/8	1/8	1		5	59		349
24	24	1/4	1/4	3/4	2	1	1/8	1/8	1		-1	65		342
24	24	1/4	1/4	3/4	2	1	1/8	1/8	1		-4	68		342
24	24	1/4	1/4	3/4	1	1	1/8	1/8	1		2	74		336
24	24	1/4	1/4	3/4	2	1	1/8	1/8	1		2	74		342
24	24	3/8	3/8	3/4	3	1	1/8	1/8	1		0	60		350
24	24	3/8	3/8	3/4	2	1	1/8	1/8	1		-3	63		343
24	24	3/8	3/8	3/4	2	1	1/8	1/8	1		-4	68		343
24	24	3/8	3/8	3/4	1	1	1/8	1/8	1		-3	75		337
24	24	3/8	3/8	3/4	2	1	1/8	1/8	1		-3	75		343
24	24	1/2	1/2	3/4	3	1	1/8	1/8	1		-5	61		351
24	24	1/2	1/2	3/4	2	1	1/8	1/8	1		-3	63		344
24	24	1/2	1/2	3/4	3	1	1/8	1/8	1		-1	65		351
24	24	1/2	1/2	3/4	1	1	1/8	1/8	1		-1	77		338
24	24	1/2	1/2	3/4	2	1	1/8	1/8	1		-1	77		344
24	24	5/8	5/8	3/4	3	1	1/8	1/8	1		0	60		352
24	24	5/8	5/8	3/4	2	1	1/8	1/8	1		-3	63		345
24	24	5/8	5/8	3/4	3	1	1/8	1/8	1		-3	63		352
24	24	5/8	5/8	3/4	1	1	1/8	1/8	1		-3	75		339
24	24	5/8	5/8	3/4	2	1	1/8	1/8	1		-3	75		345
25	25	0	0	3/4	3	1	1/12	1/8	2/3		-3	39		361
25	25	0	0	3/4	1	1	1/2	1/2	1		-2	70		353
25	25	1/12	1/12	3/4	3	1	1/12	1/8	2/3		-3	51		362
25	25	1/12	1/12	3/4	3	1	1/12	1/8	2/3		-2	58		362
25	25	1/12	1/12	3/4	2	1	1/12	1/8	2/3		-3	63		355
25	25	1/12	1/12	3/4	2	1	1/12	1/8	2/3		1	67		355
25	25	1/12	1/12	3/4	2	1	1/12	1/8	2/3		-2	70		355
25	25	1/6	1/6	3/4	3	1	1/12	1/8	2/3		-3	51		363
25	25	1/6	1/6	3/4	3	1	1/12	1/8	2/3		-2	58		363
25	25	1/6	1/6	3/4	2	1	1/12	1/8	2/3		-3	63		356
25	25	1/6	1/6	3/4	2	1	1/12	1/8	2/3		1	67		356
25	25	1/6	1/6	3/4	2	1	1/12	1/8	2/3		-2	70		356
25	25	1/4	1/4	3/4	3	1	1/8	1/8	1		-3	51		364
25	25	1/4	1/4	3/4	3	1	1/8	1/8	1		-2	58		364
25	25	1/4	1/4	3/4	2	1	1/8	1/8	1		-3	63		357
25	25	1/4	1/4	3/4	2	1	1/8	1/8	1		1	67		357
25	25	1/4	1/4	3/4	2	1	1/8	1/8	1		-2	70		357
25	25	3/8	3/8	3/4	3	1	1/8	1/8	1		-3	51		365
25	25	3/8	3/8	3/4	3	1	1/8	1/8	1		-2	58		365
25	25	3/8	3/8	3/4	2	1	1/8	1/8	1		-3	63		358
25	25	3/8	3/8	3/4	2	1	1/8	1/8	1		1	67		358
25	25	3/8	3/8	3/4	2	1	1/8	1/8	1		-2	70		358
25	25	1/2	1/2	3/4	3	1	1/8	1/8	1		-3	51		366
25	25	1/2	1/2	3/4	3	1	1/8	1/8	1		-2	58		366
25	25	1/2	1/2	3/4	2	1	1/8	1/8	1		-3	63		359
25	25	1/2	1/2	3/4	2	1	1/8	1/8	1		1	67		359
25	25	1/2	1/2	3/4	2	1	1/8	1/8	1		-2	70		359
25	25	5/8	5/8	3/4	3	1	1/8	1/8	1		-3	51		367
25	25	5/8	5/8	3/4	3	1	1/8	1/8	1		-2	58		367
25	25	5/8	5/8	3/4	2	1	1/8	1/8	1		-3	63		360
25	25	5/8	5/8	3/4	2	1	1/8	1/8	1		1	67		360
25	25	5/8	5/8	3/4	1	1	1/8	1/8	1		-2	70		354
25	25	5/8	5/8	3/4	2	1	1/8	1/8	1		-2	70		360
26	26	0	0	3/4	3	1	1/12	1/8	2/3		-3	39		377
26	26	0	0	3/4	1	1	3/8	1/4	3/2		-2	70		368
26	26	1/12	1/12	3/4	3	1	1/12	1/8	2/3		-3	51		378
26	26	1/12	1/12	3/4	3	1	1/12	1/8	2/3		-2	58		378
26	26	1/12	1/12	3/4	2	1	1/12	1/8	2/3		-3	63		372
26	26	1/12	1/12	3/4	2	1	1/12	1/8	2/3		-6	66		372
26	26	1/12	1/12	3/4	2	1	1/12	1/8	2/3		-2	70		372
26	26	1/6	1/6	3/4	3	1	1/12	1/8	2/3		-3	51		379
26	26	1/6	1/6	3/4	3	1	1/12	1/8	2/3		-2	58		379
26	26	1/6	1/6	3/4	2	1	1/12	1/8	2/3		-3	63		373
26	26	1/6	1/6	3/4	2	1	1/12	1/8	2/3		-6	66		373
26	26	1/6	1/6	3/4	2	1	1/12	1/8	2/3		-2	70		373
26	26	1/4	1/4	3/4	3	1	1/8	1/8	1		-3	51		380
26	26	1/4	1/4	3/4	3	1	1/8	1/8	1		-2	58		380
26	26	1/4	1/4	3/4	2	1	1/8	1/8	1		-3	63		374
26	26	1/4	1/4	3/4	2	1	1/8	1/8	1		-6	66		374
26	26	1/4	1/4	3/4	2	1	1/8	1/8	1		-2	70		374
26	26	3/8	3/8	3/4	3	1	1/8	1/8	1		-3	51		381
26	26	3/8	3/8	3/4	3	1	1/8	1/8	1		-2	58		381
26	26	3/8	3/8	3/4	2	1	1/8	1/8	1		-3	63		375
26	26	3/8	3/8	3/4	2	1	1/8	1/8	1		-6	66		375
26	26	3/8	3/8	3/4	1	1	1/8	1/8	1		-2	70		369
26	26	3/8	3/8	3/4	2	1	1/8	1/8	1		-2	70		375
26	26	1/2	1/2	3/4	3	1	1/8	1/8	1		-6	42		382
26	26	1/2	1/2	3/4	1	1	1/8	1/8	1		-2	70		370
26	26	5/8	5/8	3/4	3	1	1/8	1/8	1		-5	49		383
26	26	5/8	5/8	3/4	3	1	1/8	1/8	1		-2	58		383
26	26	5/8	5/8	3/4	2	1	1/8	1/8	1		-5	61		376
26	26	5/8	5/8	3/4	2	1	1/8	1/8	1		-6	66		376
26	26	5/8	5/8	3/4	1	1	1/8	1/8	1		-2	70		371
26	26	5/8	5/8	3/4	2	1	1/8	1/8	1		-2	70		376
27	27	0	0	3/4	3	1	1/12	1/8	2/3		-5	37		393
27	27	0	0	3/4	1	1	1/4	1/4	1		-5	73		384
27	27	1/12	1/12	3/4	3	1	1/12	1/8	2/3		-5	49		394
27	27	1/12	1/12	3/4	3	1	1/12	1/8	2/3		-4	56		394
27	27	1/12	1/12	3/4	2	1	1/12	1/8	2/3		-6	66		387
27	27	1/12	1/12	3/4	2	1	1/12	1/8	2/3		-4	68		387
27	27	1/12	1/12	3/4	2	1	1/12	1/8	2/3		-5	73		387
27	27	1/6	1/6	3/4	3	1	1/12	1/8	2/3		-5	49		395
27	27	1/6	1/6	3/4	3	1	1/12	1/8	2/3		-4	56		395
27	27	1/6	1/6	3/4	2	1	1/12	1/8	2/3		-6	66		388
27	27	1/6	1/6	3/4	2	1	1/12	1/8	2/3		-4	68		388
27	27	1/6	1/6	3/4	2	1	1/12	1/8	2/3		-5	73		388
27	27	1/4	1/4	3/4	3	1	1/8	1/8	1		-5	49		396
27	27	1/4	1/4	3/4	3	1	1/8	1/8	1		-4	56		396
27	27	1/4	1/4	3/4	2	1	1/8	1/8	1		-6	66		389
27	27	1/4	1/4	3/4	2	1	1/8	1/8	1		-4	68		389
27	27	1/4	1/4	3/4	2	1	1/8	1/8	1		-5	73		389
27	27	1/4	1/4	3/4	1	1	1/4	1/4	1		-5	73		385
27	27	3/8	3/8	3/4	3	1	1/8	1/8	1		-5	49		397
27	27	3/8	3/8	3/4	3	1	1/8	1/8	1		-4	56		397
27	27	3/8	3/8	3/4	2	1	1/8	1/8	1		-6	66		390
27	27	3/8	3/8	3/4	2	1	1/8	1/8	1		-4	68		390
27	27	3/8	3/8	3/4	2	1	1/8	1/8	1		-5	73		390
27	27	1/2	1/2	3/4	3	1	1/8	1/8	1		-5	49		398
27	27	1/2	1/2	3/4	3	1	1/8	1/8	1		-4	56		398
27	27	1/2	1/2	3/4	2	1	1/8	1/8	1		-1	65		391
27	27	1/2	1/2	3/4	2	1	1/8	1/8	1		-4	68		391
27	27	1/2	1/2	3/4	2	1	1/8	1/8	1		-5	73		391
27	27	5/8	5/8	3/4	3	1	1/8	1/8	1		-5	49		399
27	27	5/8	5/8	3/4	3	1	1/8	1/8	1		-4	56		399
27	27	5/8	5/8	3/4	2	1	1/8	1/8	1		-1	65		392
27	27	5/8	5/8	3/4	1	1	1/8	1/8	1		-4	68		386
27	27	5/8	5/8	3/4	2	1	1/8	1/8	1		-4	68		392
27	27	5/8	5/8	3/4	2	1	1/8	1/8	1		-5	73		392
28	28	0	0	3/4	3	1	1/12	1/8	2/3		-5	37		409
28	28	0	0	3/4	1	1	3/8	1/4	3/2		-4	68		400
28	28	1/12	1/12	3/4	3	1	1/12	1/8	2/3		-5	49		410
28	28	1/12	1/12	3/4	3	1	1/12	1/8	2/3		-4	56		410
28	28	1/12	1/12	3/4	2	1	1/12	1/8	2/3		-5	61		404
28	28	1/12	1/12	3/4	2	1	1/12	1/8	2/3		-8	64		404
28	28	1/12	1/12	3/4	2	1	1/12	1/8	2/3		-4	68		404
28	28	1/6	1/6	3/4	3	1	1/12	1/8	2/3		-5	49		411
28	28	1/6	1/6	3/4	3	1	1/12	1/8	2/3		-4	56		411
28	28	1/6	1/6	3/4	2	1	1/12	1/8	2/3		-5	61		405
28	28	1/6	1/6	3/4	2	1	1/12	1/8	2/3		-8	64		405
28	28	1/6	1/6	3/4	2	1	1/12	1/8	2/3		-4	68		405
28	28	1/4	1/4	3/4	3	1	1/8	1/8	1		-5	49		412
28	28	1/4	1/4	3/4	3	1	1/8	1/8	1		-4	56		412
28	28	1/4	1/4	3/4	2	1	1/8	1/8	1		-5	61		406
28	28	1/4	1/4	3/4	2	1	1/8	1/8	1		-8	64		406
28	28	1/4	1/4	3/4	2	1	1/8	1/8	1		-4	68		406
28	28	3/8	3/8	3/4	3	1	1/8	1/8	1		-5	49		413
28	28	3/8	3/8	3/4	3	1	1/8	1/8	1		-4	56		413
28	28	3/8	3/8	3/4	2	1	1/8	1/8	1		-5	61		407
28	28	3/8	3/8	3/4	2	1	1/8	1/8	1		-8	64		407
28	28	3/8	3/8	3/4	1	1	1/8	1/8	1		-4	68		401
28	28	3/8	3/8	3/4	2	1	1/8	1/8	1		-4	68		407
28	28	1/2	1/2	3/4	3	1	1/8	1/8	1		-8	40		414
28	28	1/2	1/2	3/4	1	1	1/8	1/8	1		-4	68		402
28	28	5/8	5/8	3/4	3	1	1/8	1/8	1		-7	47		415
28	28	5/8	5/8	3/4	3	1	1/8	1/8	1		-4	56		415
28	28	5/8	5/8	3/4	2	1	1/8	1/8	1		-7	59		408
28	28	5/8	5/8	3/4	2	1	1/8	1/8	1		-8	64		408
28	28	5/8	5/8	3/4	1	1	1/8	1/8	1		-4	68		403
28	28	5/8	5/8	3/4	2	1	1/8	1/8	1		-4	68		408
29	29	0	0	3/4	3	1	1/12	1/8	2/3		-7	35		424
29	29	0	0	3/4	1	1	1/2	1/2	1		-7	71		416
29	29	1/12	1/12	3/4	3	1	1/12	1/8	2/3		-7	47		425
29	29	1/12	1/12	3/4	3	1	1/12	1/8	2/3		-6	54		425
29	29	1/12	1/12	3/4	2	1	1/12	1/8	2/3		-8	64		418
29	29	1/12	1/12	3/4	2	1	1/12	1/8	2/3		-6	66		418
29	29	1/12	1/12	3/4	2	1	1/12	1/8	2/3		-7	71		418
29	29	1/6	1/6	3/4	3	1	1/12	1/8	2/3		-7	47		426
29	29	1/6	1/6	3/4	3	1	1/12	1/8	2/3		-6	54		426
29	29	1/6	1/6	3/4	2	1	1/12	1/8	2/3		-8	64		419
29	29	1/6	1/6	3/4	2	1	1/12	1/8	2/3		-6	66		419
29	29	1/6	1/6	3/4	2	1	1/12	1/8	2/3		-7	71		419
29	29	1/4	1/4	3/4	3	1	1/8	1/8	1		-7	47		427
29	29	1/4	1/4	3/4	3	1	1/8	1/8	1		-6	54		427
29	29	1/4	1/4	3/4	2	1	1/8	1/8	1		-8	64		420
29	29	1/4	1/4	3/4	2	1	1/8	1/8	1		-6	66		420
29	29	1/4	1/4	3/4	2	1	1/8	1/8	1		-7	71		420
29	29	3/8	3/8	3/4	3	1	1/8	1/8	1		-7	47		428
29	29	3/8	3/8	3/4	3	1	1/8	1/8	1		-6	54		428
29	29	3/8	3/8	3/4	2	1	1/8	1/8	1		-8	64		421
29	29	3/8	3/8	3/4	2	1	1/8	1/8	1		-6	66		421
29	29	3/8	3/8	3/4	2	1	1/8	1/8	1		-7	71		421
29	29	1/2	1/2	3/4	3	1	1/8	1/8	1		-7	47		429
29	29	1/2	1/2	3/4	3	1	1/8	1/8	1		-6	54		429
29	29	1/2	1/2	3/4	2	1	1/8	1/8	1		-3	63		422
29	29	1/2	1/2	3/4	2	1	1/8	1/8	1		-6	66		422
29	29	1/2	1/2	3/4	2	1	1/8	1/8	1		-7	71		422
29	29	5/8	5/8	3/4	3	1	1/8	1/8	1		-7	47		430
29	29	5/8	5/8	3/4	3	1	1/8	1/8	1		-6	54		430
29	29	5/8	5/8	3/4	2	1	1/8	1/8	1		-3	63		423
29	29	5/8	5/8	3/4	1	1	1/8	1/8	1		-6	66		417
29	29	5/8	5/8	3/4	2	1	1/8	1/8	1		-6	66		423
29	29	5/8	5/8	3/4	2	1	1/8	1/8	1		-7	71		423
30	30	0	0	3/4	3	1	1/12	1/8	2/3		-7	47		441
30	30	0	0	3/4	1	1	3/8	1/4	3/2		-6	66		431
30	30	1/12	1/12	3/4	3	1	1/12	1/8	2/3		-7	59		442
30	30	1/12	1/12	3/4	3	1	1/12	1/8	2/3		-3	63		442
30	30	1/12	1/12	3/4	2	1	1/12	1/8	2/3		-6	66		435
30	30	1/12	1/12	3/4	2	1	1/12	1/8	2/3		-7	71		435
30	30	1/12	1/12	3/4	2	1	1/12	1/8	2/3		-3	75		435
30	30	1/6	1/6	3/4	3	1	1/12	1/8	2/3		-7	59		443
30	30	1/6	1/6	3/4	3	1	1/12	1/8	2/3		-3	63		443
30	30	1/6	1/6	3/4	2	1	1/12	1/8	2/3		-6	66		436
30	30	1/6	1/6	3/4	2	1	1/12	1/8	2/3		-7	71		436
30	30	1/6	1/6	3/4	2	1	1/12	1/8	2/3		-3	75		436
30	30	1/4	1/4	3/4	3	1	1/8	1/8	1		-7	59		444
30	30	1/4	1/4	3/4	3	1	1/8	1/8	1		-3	63		444
30	30	1/4	1/4	3/4	2	1	1/8	1/8	1		-6	66		437
30	30	1/4	1/4	3/4	2	1	1/8	1/8	1		-7	71		437
30	30	1/4	1/4	3/4	2	1	1/8	1/8	1		-3	75		437
30	30	3/8	3/8	3/4	3	1	1/8	1/8	1		-7	59		445
30	30	3/8	3/8	3/4	3	1	1/8	1/8	1		-3	63		445
30	30	3/8	3/8	3/4	1	1	1/8	1/8	1		-6	66		432
30	30	3/8	3/8	3/4	2	1	1/8	1/8	1		-6	66		438
30	30	3/8	3/8	3/4	2	1	1/8	1/8	1		-7	71		438
30	30	3/8	3/8	3/4	2	1	1/8	1/8	1		-3	75		438
30	30	1/2	1/2	3/4	3	1	1/8	1/8	1		-2	58		446
30	30	1/2	1/2	3/4	3	1	1/8	1/8	1		-5	61		446
30	30	1/2	1/2	3/4	1	1	1/8	1/8	1		-6	66		433
30	30	1/2	1/2	3/4	2	1	1/8	1/8	1		-6	66		439
30	30	1/2	1/2	3/4	2	1	1/8	1/8	1		-2	70		439
30	30	1/2	1/2	3/4	2	1	1/8	1/8	1		-5	73		439
30	30	5/8	5/8	3/4	3	1	1/8	1/8	1		-5	61		447
30	30	5/8	5/8	3/4	3	1	1/8	1/8	1		-8	64		447
30	30	5/8	5/8	3/4	1	1	1/8	1/8	1		-6	66		434
30	30	5/8	5/8	3/4	2	1	1/8	1/8	1		-6	66		440
30	30	5/8	5/8	3/4	2	1	1/8	1/8	1		-5	73		440
30	30	5/8	5/8	3/4	2	1	1/8	1/8	1		-8	76		440
31	31	0	0	3/4	3	1	1/12	1/8	2/3		-7	47		457
31	31	0	0	3/4	1	1	1/4	1/4	1		-6	66		448
31	31	1/12	1/12	3/4	3	1	1/12	1/8	2/3		-7	59		458
31	31	1/12	1/12	3/4	3	1	1/12	1/8	2/3		-3	63		458
31	31	1/12	1/12	3/4	2	1	1/12	1/8	2/3		-6	66		451
31	31	1/12	1/12	3/4	2	1	1/12	1/8	2/3		-7	71		451
31	31	1/12	1/12	3/4	2	1	1/12	1/8	2/3		-3	75		451
31	31	1/6	1/6	3/4	3	1	1/12	1/8	2/3		-7	59		459
31	31	1/6	1/6	3/4	3	1	1/12	1/8	2/3		-3	63		459
31	31	1/6	1/6	3/4	2	1	1/12	1/8	2/3		-6	66		452
31	31	1/6	1/6	3/4	2	1	1/12	1/8	2/3		-7	71		452
31	31	1/6	1/6	3/4	2	1	1/12	1/8	2/3		-3	75		452
31	31	1/4	1/4	3/4	3	1	1/8	1/8	1		-7	59		460
31	31	1/4	1/4	3/4	3	1	1/8	1/8	1		-3	63		460
31	31	1/4	1/4	3/4	2	1	1/8	1/8	1		-6	66		453
31	31	1/4	1/4	3/4	1	1	1/4	1/4	1		-6	66		449
31	31	1/4	1/4	3/4	2	1	1/8	1/8	1		-7	71		453
31	31	1/4	1/4	3/4	2	1	1/8	1/8	1		-3	75		453
31	31	3/8	3/8	3/4	3	1	1/8	1/8	1		-3	63		461
31	31	3/8	3/8	3/4	2	1	1/8	1/8	1		-6	66		454
31	31	3/8	3/8	3/4	3	1	1/8	1/8	1		-6	66		461
31	31	3/8	3/8	3/4	2	1	1/8	1/8	1		-3	75		454
31	31	3/8	3/8	3/4	2	1	1/8	1/8	1		1	79		454
31	31	1/2	1/2	3/4	3	1	1/8	1/8	1		-5	61		462
31	31	1/2	1/2	3/4	3	1	1/8	1/8	1		-8	64		462
31	31	1/2	1/2	3/4	2	1	1/8	1/8	1		-6	66		455
31	31	1/2	1/2	3/4	2	1	1/8	1/8	1		-5	73		455
31	31	1/2	1/2	3/4	2	1	1/8	1/8	1		-8	76		455
31	31	5/8	5/8	3/4	3	1	1/8	1/8	1		-8	64		463
31	31	5/8	5/8	3/4	1	1	1/8	1/8	1		-6	66		450
31	31	5/8	5/8	3/4	2	1	1/8	1/8	1		-6	66		456
31	31	5/8	5/8	3/4	3	1	1/8	1/8	1		-4	68		463
31	31	5/8	5/8	3/4	2	1	1/8	1/8	1		-8	76		456
31	31	5/8	5/8	3/4	2	1	1/8	1/8	1		-4	80		456
32	32	0	0	3/4	3	1	1/12	1/8	2/3		-7	47		475
32	32	0	0	3/4	1	1	3/8	1/4	3/2		-6	66		464
32	32	1/12	1/12	3/4	3	1	1/12	1/8	2/3		-3	63		476
32	32	1/12	1/12	3/4	2	1	1/12	1/8	2/3		-6	66		469
32	32	1/12	1/12	3/4	3	1	1/12	1/8	2/3		-6	66		476
32	32	1/12	1/12	3/4	2	1	1/12	1/8	2/3		-3	75		469
32	32	1/12	1/12	3/4	2	1	1/12	1/8	2/3		-6	78		469
32	32	1/6	1/6	3/4	3	1	1/12	1/8	2/3		-3	63		477
32	32	1/6	1/6	3/4	2	1	1/12	1/8	2/3		-6	66		470
32	32	1/6	1/6	3/4	3	1	1/12	1/8	2/3		-6	66		477
32	32	1/6	1/6	3/4	2	1	1/12	1/8	2/3		-3	75		470
32	32	1/6	1/6	3/4	2	1	1/12	1/8	2/3		-6	78		470
32	32	1/4	1/4	3/4	3	1	1/8	1/8	1		-3	63		478
32	32	1/4	1/4	3/4	2	1	1/8	1/8	1		-6	66		471
32	32	1/4	1/4	3/4	3	1	1/8	1/8	1		-6	66		478
32	32	1/4	1/4	3/4	2	1	1/8	1/8	1		-3	75		471
32	32	1/4	1/4	3/4	2	1	1/8	1/8	1		-6	78		471
32	32	3/8	3/8	3/4	3	1	1/8	1/8	1		-3	63		479
32	32	3/8	3/8	3/4	2	1	1/8	1/8	1		-6	66		472
32	32	3/8	3/8	3/4	3	1	1/8	1/8	1		-6	66		479
32	32	3/8	3/8	3/4	1	1	1/8	1/8	1		-3	75		465
32	32	3/8	3/8	3/4	2	1	1/8	1/8	1		-3	75		472
32	32	3/8	3/8	3/4	2	1	1/8	1/8	1		-6	78		472
32	32	1/2	1/2	3/4	3	1	1/8	1/8	1		-5	61		480
32	32	1/2	1/2	3/4	3	1	1/8	1/8	1		-8	64		480
32	32	1/2	1/2	3/4	2	1	1/8	1/8	1		-6	66		473
32	32	1/2	1/2	3/4	1	1	1/8	1/8	1		-5	73		466
32	32	1/2	1/2	3/4	2	1	1/8	1/8	1		-5	73		473
32	32	1/2	1/2	3/4	2	1	1/8	1/8	1		-8	76		473
32	32	5/8	5/8	3/4	3	1	1/8	1/8	1		-7	59		481
32	32	5/8	5/8	3/4	3	1	1/8	1/8	1		-3	63		481
32	32	5/8	5/8	3/4	2	1	1/8	1/8	1		-6	66		474
32	32	5/8	5/8	3/4	1	1	1/16	1/16	1		-7	71		467
32	32	5/8	5/8	3/4	2	1	1/8	1/8	1		-7	71		474
32	32	5/8	5/8	3/4	2	1	1/8	1/8	1		-3	75		474
32	32	11/16	11/16	3/4	1	1	1/16	1/16	1		-7	71		468
33	33	0	0	3/4	3	1	1/12	1/8	2/3		-6	42		489
33	33	0	0	3/4	1	1	1/2	1/2	1		-5	73		482
33	33	1/12	1/12	3/4	3	1	1/12	1/8	2/3		-6	54		490
33	33	1/12	1/12	3/4	3	1	1/12	1/8	2/3		-5	61		490
33	33	1/12	1/12	3/4	2	1	1/12	1/8	2/3		-6	66		483
33	33	1/12	1/12	3/4	2	1	1/12	1/8	2/3		-2	70		483
33	33	1/12	1/12	3/4	2	1	1/12	1/8	2/3		-5	73		483
33	33	1/6	1/6	3/4	3	1	1/12	1/8	2/3		-6	54		491
33	33	1/6	1/6	3/4	3	1	1/12	1/8	2/3		-5	61		491
33	33	1/6	1/6	3/4	2	1	1/12	1/8	2/3		-6	66		484
33	33	1/6	1/6	3/4	2	1	1/12	1/8	2/3		-2	70		484
33	33	1/6	1/6	3/4	2	1	1/12	1/8	2/3		-5	73		484
33	33	1/4	1/4	3/4	3	1	1/8	1/8	1		-6	54		492
33	33	1/4	1/4	3/4	3	1	1/8	1/8	1		-5	61		492
33	33	1/4	1/4	3/4	2	1	1/8	1/8	1		-6	66		485
33	33	1/4	1/4	3/4	2	1	1/8	1/8	1		-2	70		485
33	33	1/4	1/4	3/4	2	1	1/8	1/8	1		-5	73		485
33	33	3/8	3/8	3/4	3	1	1/8	1/8	1		-6	54		493
33	33	3/8	3/8	3/4	3	1	1/8	1/8	1		-5	61		493
33	33	3/8	3/8	3/4	2	1	1/8	1/8	1		-6	66		486
33	33	3/8	3/8	3/4	2	1	1/8	1/8	1		-2	70		486
33	33	3/8	3/8	3/4	2	1	1/8	1/8	1		-5	73		486
33	33	1/2	1/2	3/4	3	1	1/8	1/8	1		-6	54		494
33	33	1/2	1/2	3/4	3	1	1/8	1/8	1		-5	61		494
33	33	1/2	1/2	3/4	2	1	1/8	1/8	1		-6	66		487
33	33	1/2	1/2	3/4	2	1	1/8	1/8	1		-2	70		487
33	33	1/2	1/2	3/4	2	1	1/8	1/8	1		-5	73		487
33	33	5/8	5/8	3/4	3	1	1/8	1/8	1		1	55		495
33	33	5/8	5/8	3/4	3	1	1/8	1/8	1		-2	58		495
33	33	5/8	5/8	3/4	3	1	1/8	1/8	1		-5	61		495
33	33	5/8	5/8	3/4	2	1	1/8	1/8	1		-3	63		488
33	33	5/8	5/8	3/4	2	1	1/8	1/8	1		-2	70		488
33	33	5/8	5/8	3/4	2	1	1/8	1/8	1		-3	75		488
34	34	0	0	3/4	3	2	1/4	1/4	1	1	-4	44		509
34	34	0	0	3/4	2	1	1/4	1/4	1	1	-3	75		496
34	34	1/12	1/12	3/4	3	1	1/12	1/8	2/3		-3	51		503
34	34	1/12	1/12	3/4	3	1	1/12	1/8	2/3		-7	59		503
34	34	1/8	1/8	3/4	2	2	1/8	1/8	1	1	-3	63		501
34	34	1/6	1/6	3/4	3	1	1/12	1/8	2/3		-3	51		504
34	34	1/6	1/6	3/4	3	1	1/12	1/8	2/3		-7	59		504
34	34	1/4	1/4	3/4	3	2	1/8	1/8	1	-1	-4	44		510
34	34	1/4	1/4	3/4	3	1	1/8	1/8	1		-3	51		505
34	34	1/4	1/4	3/4	3	1	1/8	1/8	1		-7	59		505
34	34	1/4	1/4	3/4	2	2	1/8	1/8	1	-1	-3	63		502
34	34	1/4	1/4	3/4	2	1	1/8	1/8	1	-1	-3	75		497
34	34	3/8	3/8	3/4	3	1	1/8	1/8	1		-4	44		506
34	34	3/8	3/8	3/4	3	1	1/8	1/8	1		-3	51		506
34	34	3/8	3/8	3/4	2	1	1/8	1/8	1		-7	59		498
34	34	3/8	3/8	3/4	2	1	1/8	1/8	1		-3	63		498
34	34	3/8	3/8	3/4	2	1	1/8	1/8	1		0	72		498
34	34	1/2	1/2	3/4	3	1	1/8	1/8	1		1	43		507
34	34	1/2	1/2	3/4	3	1	1/8	1/8	1		-3	51		507
34	34	1/2	1/2	3/4	2	1	1/8	1/8	1		-2	58		499
34	34	1/2	1/2	3/4	2	1	1/8	1/8	1		-3	63		499
34	34	1/2	1/2	3/4	2	1	1/8	1/8	1		-2	70		499
34	34	5/8	5/8	3/4	3	1	1/8	1/8	1		-1	41		508
34	34	5/8	5/8	3/4	3	1	1/8	1/8	1		-2	46		508
34	34	5/8	5/8	3/4	2	1	1/8	1/8	1		-4	56		500
34	34	5/8	5/8	3/4	2	1	1/8	1/8	1		2	62		500
34	34	5/8	5/8	3/4	2	1	1/8	1/8	1		-4	68		500
35	35	0	0	3/4	3	1	1/12	1/8	2/3		-3	39		519
35	35	0	0	3/4	3	1	1/12	1/8	2/3		-2	46		519
35	35	0	0	3/4	2	1	1/12	1/8	2/3		1	55		512
35	35	0	0	3/4	2	1	1/12	1/8	2/3		-3	63		512
35	35	0	0	3/4	2	1	1/12	1/8	2/3		1	67		512
35	35	1/12	1/12	3/4	3	1	1/12	1/8	2/3		-3	51		520
35	35	1/12	1/12	3/4	3	1	1/12	1/8	2/3		1	55		520
35	35	1/12	1/12	3/4	2	1	1/12	1/8	2/3		-5	61		513
35	35	1/12	1/12	3/4	2	1	1/12	1/8	2/3		-3	63		513
35	35	1/12	1/12	3/4	2	1	1/12	1/8	2/3		-2	70		513
35	35	1/6	1/6	3/4	3	1	1/12	1/8	2/3		-3	51		521
35	35	1/6	1/6	3/4	3	1	1/12	1/8	2/3		1	55		521
35	35	1/6	1/6	3/4	2	1	1/12	1/8	2/3		-5	61		514
35	35	1/6	1/6	3/4	2	1	1/12	1/8	2/3		-3	63		514
35	35	1/6	1/6	3/4	2	1	1/12	1/8	2/3		-2	70		514
35	35	1/4	1/4	3/4	3	1	1/8	1/8	1		-3	51		522
35	35	1/4	1/4	3/4	3	1	1/8	1/8	1		1	55		522
35	35	1/4	1/4	3/4	2	1	1/8	1/8	1		-5	61		515
35	35	1/4	1/4	3/4	2	1	1/8	1/8	1		-3	63		515
35	35	1/4	1/4	3/4	2	1	1/8	1/8	1		-2	70		515
35	35	3/8	3/8	3/4	3	1	1/8	1/8	1		-3	51		523
35	35	3/8	3/8	3/4	3	1	1/8	1/8	1		1	55		523
35	35	3/8	3/8	3/4	2	1	1/8	1/8	1		-5	61		516
35	35	3/8	3/8	3/4	2	1	1/8	1/8	1		-3	63		516
35	35	3/8	3/8	3/4	2	1	1/8	1/8	1		-2	70		516
35	35	1/2	1/2	3/4	3	1	1/8	1/8	1		-3	51		524
35	35	1/2	1/2	3/4	3	1	1/8	1/8	1		-1	53		524
35	35	1/2	1/2	3/4	2	1	1/8	1/8	1		-5	61		517
35	35	1/2	1/2	3/4	2	1	1/8	1/8	1		-3	63		517
35	35	1/2	1/2	3/4	2	1	1/8	1/8	1		-4	68		517
35	35	5/8	5/8	3/4	3	1	1/8	1/8	1		-3	51		525
35	35	5/8	5/8	3/4	3	1	1/8	1/8	1		-4	56		525
35	35	5/8	5/8	3/4	2	1	1/8	1/8	1		-5	61		518
35	35	5/8	5/8	3/4	2	1	1/8	1/8	1		-3	63		518
35	35	5/8	5/8	3/4	1	1	1/8	1/8	1		0	72		511
35	35	5/8	5/8	3/4	2	1	1/8	1/8	1		0	72		518
36	36	0	0	3/4	3	1	1/12	1/8	2/3		-3	39		536
36	36	0	0	3/4	1	1	1/4	1/4	1		0	72		526
36	36	1/12	1/12	3/4	3	1	1/12	1/8	2/3		-3	51		537
36	36	1/12	1/12	3/4	3	1	1/12	1/8	2/3		-4	56		537
36	36	1/12	1/12	3/4	2	1	1/12	1/8	2/3		-5	61		530
36	36	1/12	1/12	3/4	2	1	1/12	1/8	2/3		-3	63		530
36	36	1/12	1/12	3/4	2	1	1/12	1/8	2/3		0	72		530
36	36	1/6	1/6	3/4	3	1	1/12	1/8	2/3		-3	51		538
36	36	1/6	1/6	3/4	3	1	1/12	1/8	2/3		-4	56		538
36	36	1/6	1/6	3/4	2	1	1/12	1/8	2/3		-5	61		531
36	36	1/6	1/6	3/4	2	1	1/12	1/8	2/3		-3	63		531
36	36	1/6	1/6	3/4	2	1	1/12	1/8	2/3		0	72		531
36	36	1/4	1/4	3/4	3	1	1/8	1/8	1		-3	51		539
36	36	1/4	1/4	3/4	3	1	1/8	1/8	1		1	55		539
36	36	1/4	1/4	3/4	2	1	1/8	1/8	1		-5	61		532
36	36	1/4	1/4	3/4	2	1	1/8	1/8	1		-3	63		532
36	36	1/4	1/4	3/4	2	1	1/8	1/8	1		-2	70		532
36	36	1/4	1/4	3/4	1	1	1/4	1/4	1		-2	70		527
36	36	3/8	3/8	3/4	3	1	1/8	1/8	1		-3	51		540
36	36	3/8	3/8	3/4	3	1	1/8	1/8	1		-2	58		540
36	36	3/8	3/8	3/4	2	1	1/8	1/8	1		-5	61		533
36	36	3/8	3/8	3/4	2	1	1/8	1/8	1		-3	63		533
36	36	3/8	3/8	3/4	2	1	1/8	1/8	1		1	67		533
36	36	1/2	1/2	3/4	3	1	1/8	1/8	1		-3	51		541
36	36	1/2	1/2	3/4	3	1	1/8	1/8	1		-4	56		541
36	36	1/2	1/2	3/4	2	1	1/8	1/8	1		-5	61		534
36	36	1/2	1/2	3/4	1	1	1/8	1/8	1		-1	65		528
36	36	1/2	1/2	3/4	2	1	1/8	1/8	1		-1	65		534
36	36	5/8	5/8	3/4	3	1	1/8	1/8	1		-3	51		542
36	36	5/8	5/8	3/4	3	1	1/8	1/8	1		0	60		542
36	36	5/8	5/8	3/4	2	1	1/8	1/8	1		-5	61		535
36	36	5/8	5/8	3/4	1	1	1/8	1/8	1		-4	68		529
36	36	5/8	5/8	3/4	2	1	1/8	1/8	1		-4	68		535
37	37	0	0	3/4	3	1	1/12	1/8	2/3		-3	39		552
37	37	0	0	3/4	1	1	1/4	1/4	1		-4	68		543
37	37	1/12	1/12	3/4	3	1	1/12	1/8	2/3		-3	51		553
37	37	1/12	1/12	3/4	3	1	1/12	1/8	2/3		0	60		553
37	37	1/12	1/12	3/4	2	1	1/12	1/8	2/3		-5	61		546
37	37	1/12	1/12	3/4	2	1	1/12	1/8	2/3		-4	68		546
37	37	1/6	1/6	3/4	3	1	1/12	1/8	2/3		-3	51		554
37	37	1/6	1/6	3/4	3	1	1/12	1/8	2/3		0	60		554
37	37	1/6	1/6	3/4	2	1	1/12	1/8	2/3		-5	61		547
37	37	1/6	1/6	3/4	2	1	1/12	1/8	2/3		-4	68		547
37	37	1/4	1/4	3/4	3	1	1/8	1/8	1		-3	51		555
37	37	1/4	1/4	3/4	3	1	1/8	1/8	1		-2	58		555
37	37	1/4	1/4	3/4	2	1	1/8	1/8	1		-5	61		548
37	37	1/4	1/4	3/4	2	1	1/8	1/8	1		1	67		548
37	37	1/4	1/4	3/4	1	1	1/4	1/4	1		1	67		544
37	37	3/8	3/8	3/4	3	1	1/8	1/8	1		-3	51		556
37	37	3/8	3/8	3/4	3	1	1/8	1/8	1		-2	58		556
37	37	3/8	3/8	3/4	2	1	1/8	1/8	1		-5	61		549
37	37	3/8	3/8	3/4	2	1	1/8	1/8	1		1	67		549
37	37	1/2	1/2	3/4	3	1	1/8	1/8	1		-3	51		557
37	37	1/2	1/2	3/4	3	1	1/8	1/8	1		-4	56		557
37	37	1/2	1/2	3/4	2	1	1/8	1/8	1		-5	61		550
37	37	1/2	1/2	3/4	2	1	1/8	1/8	1		-1	65		550
37	37	5/8	5/8	3/4	3	1	1/8	1/8	1		-3	51		558
37	37	5/8	5/8	3/4	3	1	1/8	1/8	1		-4	56		558
37	37	5/8	5/8	3/4	2	1	1/8	1/8	1		-5	61		551
37	37	5/8	5/8	3/4	1	1	1/8	1/8	1		-1	65		545
37	37	5/8	5/8	3/4	2	1	1/8	1/8	1		-1	65		551
38	38	0	0	3/4	3	1	1/8	1/8	1		-3	51		571
38	38	0	0	3/4	3	1	1/8	1/8	1		1	55		571
38	38	0	0	3/4	2	1	1/8	1/8	1		-5	61		563
38	38	0	0	3/4	1	1	1/8	1/8	1		-3	63		559
38	38	0	0	3/4	2	1	1/8	1/8	1		-3	63		563
38	38	1/8	1/8	3/4	3	1	1/8	1/8	1		-3	51		572
38	38	1/8	1/8	3/4	3	1	1/8	1/8	1		-4	56		572
38	38	1/8	1/8	3/4	2	1	1/8	1/8	1		-5	61		564
38	38	1/8	1/8	3/4	1	1	1/8	1/8	1		-1	65		560
38	38	1/8	1/8	3/4	2	1	1/8	1/8	1		-1	65		564
38	38	1/4	1/4	3/4	3	1	1/8	1/8	1		-3	51		573
38	38	1/4	1/4	3/4	3	1	1/8	1/8	1		-2	58		573
38	38	1/4	1/4	3/4	2	2	1/8	1/8	1		-5	61		567
38	38	1/4	1/4	3/4	2	2	1/8	1/8	1		-3	63		567
38	38	1/4	1/4	3/4	1	1	1/4	1/4	1		1	67		561
38	38	1/4	1/4	3/4	2	1	1/4	1/4	1		1	67		565
38	38	3/8	3/8	3/4	3	1	1/8	1/8	1		-3	51		574
38	38	3/8	3/8	3/4	3	1	1/8	1/8	1		-2	58		574
38	38	3/8	3/8	3/4	2	2	1/8	1/8	1		-5	61		568
38	38	3/8	3/8	3/4	2	2	1/8	1/8	1		-3	63		568
38	38	1/2	1/2	3/4	3	1	1/8	1/8	1		-3	51		575
38	38	1/2	1/2	3/4	3	1	1/8	1/8	1		0	60		575
38	38	1/2	1/2	3/4	2	2	1/8	1/8	1		-3	63		569
38	38	1/2	1/2	3/4	1	1	1/4	1/4	1		-4	68		562
38	38	1/2	1/2	3/4	2	1	1/4	1/4	1		-4	68		566
38	38	5/8	5/8	3/4	3	1	1/8	1/8	1		-3	51		576
38	38	5/8	5/8	3/4	3	1	1/8	1/8	1		0	60		576
38	38	5/8	5/8	3/4	2	2	1/8	1/8	1		-3	63		570
39	39	0	0	3/4	3	1	1/12	1/8	2/3		-3	39		586
39	39	0	0	3/4	1	1	1/2	1/2	1	1	-9	69		577
39	39	1/12	1/12	3/4	3	1	1/12	1/8	2/3		-3	51		587
39	39	1/12	1/12	3/4	3	1	1/12	1/8	2/3		-5	61		587
39	39	1/12	1/12	3/4	2	1	1/12	1/8	2/3		-6	66		580
39	39	1/12	1/12	3/4	2	1	1/12	1/8	2/3		-9	69		580
39	39	1/12	1/12	3/4	2	1	1/12	1/8	2/3		-3	75		580
39	39	1/6	1/6	3/4	3	1	1/12	1/8	2/3		-3	51		588
39	39	1/6	1/6	3/4	3	1	1/12	1/8	2/3		-5	61		588
39	39	1/6	1/6	3/4	2	1	1/12	1/8	2/3		-6	66		581
39	39	1/6	1/6	3/4	2	1	1/12	1/8	2/3		-9	69		581
39	39	1/6	1/6	3/4	2	1	1/12	1/8	2/3		-3	75		581
39	39	1/4	1/4	3/4	3	1	1/8	1/8	1		-3	51		589
39	39	1/4	1/4	3/4	3	1	1/8	1/8	1		-5	61		589
39	39	1/4	1/4	3/4	2	1	1/8	1/8	1		-6	66		582
39	39	1/4	1/4	3/4	2	1	1/8	1/8	1		-9	69		582
39	39	1/4	1/4	3/4	2	1	1/8	1/8	1		-3	75		582
39	39	3/8	3/8	3/4	3	1	1/8	1/8	1		-3	51		590
39	39	3/8	3/8	3/4	3	1	1/8	1/8	1		-5	61		590
39	39	3/8	3/8	3/4	2	1	1/8	1/8	1		-6	66		583
39	39	3/8	3/8	3/4	2	1	1/8	1/8	1		-9	69		583
39	39	3/8	3/8	3/4	2	1	1/8	1/8	1		-3	75		583
39	39	1/2	1/2	3/4	3	1	1/8	1/8	1		-3	51		591
39	39	1/2	1/2	3/4	3	1	1/8	1/8	1		-5	61		591
39	39	1/2	1/2	3/4	2	1	1/8	1/8	1		-6	66		584
39	39	1/2	1/2	3/4	1	1	1/8	1/8	1	-1	-9	69		578
39	39	1/2	1/2	3/4	2	1	1/8	1/8	1		-9	69		584
39	39	1/2	1/2	3/4	2	1	1/8	1/8	1		-3	75		584
39	39	5/8	5/8	3/4	3	1	1/8	1/8	1		-3	51		592
39	39	5/8	5/8	3/4	3	1	1/8	1/8	1		-5	61		592
39	39	5/8	5/8	3/4	2	1	1/8	1/8	1		-6	66		585
39	39	5/8	5/8	3/4	2	1	1/8	1/8	1		-9	69		585
39	39	5/8	5/8	3/4	1	1	1/8	1/8	1		-3	75		579
39	39	5/8	5/8	3/4	2	1	1/8	1/8	1		-3	75		585
40	40	0	0	3/4	3	1	1/12	1/8	2/3		-4	44		602
40	40	0	0	3/4	1	1	3/8	1/4	3/2		-3	75		593
40	40	1/12	1/12	3/4	3	1	1/12	1/8	2/3		-4	56		603
40	40	1/12	1/12	3/4	3	1	1/12	1/8	2/3		0	60		603
40	40	1/12	1/12	3/4	2	1	1/12	1/8	2/3		-6	66		597
40	40	1/12	1/12	3/4	2	1	1/12	1/8	2/3		-4	68		597
40	40	1/12	1/12	3/4	2	1	1/12	1/8	2/3		-3	75		597
40	40	1/6	1/6	3/4	3	1	1/12	1/8	2/3		-4	56		604
40	40	1/6	1/6	3/4	3	1	1/12	1/8	2/3		0	60		604
40	40	1/6	1/6	3/4	2	1	1/12	1/8	2/3		-6	66		598
40	40	1/6	1/6	3/4	2	1	1/12	1/8	2/3		-4	68		598
40	40	1/6	1/6	3/4	2	1	1/12	1/8	2/3		-3	75		598
40	40	1/4	1/4	3/4	3	1	1/8	1/8	1		-4	56		605
40	40	1/4	1/4	3/4	3	1	1/8	1/8	1		0	60		605
40	40	1/4	1/4	3/4	2	1	1/8	1/8	1		-6	66		599
40	40	1/4	1/4	3/4	2	1	1/8	1/8	1		-4	68		599
40	40	1/4	1/4	3/4	2	1	1/8	1/8	1		-3	75		599
40	40	3/8	3/8	3/4	3	1	1/8	1/8	1		-4	56		606
40	40	3/8	3/8	3/4	3	1	1/8	1/8	1		0	60		606
40	40	3/8	3/8	3/4	2	1	1/8	1/8	1		-6	66		600
40	40	3/8	3/8	3/4	1	1	1/8	1/8	1		-4	68		594
40	40	3/8	3/8	3/4	2	1	1/8	1/8	1		-4	68		600
40	40	3/8	3/8	3/4	2	1	1/8	1/8	1		-3	75		600
40	40	1/2	1/2	3/4	3	1	1/8	1/8	1		-5	49		607
40	40	1/2	1/2	3/4	1	1	1/8	1/8	1		-4	68		595
40	40	5/8	5/8	3/4	3	1	1/8	1/8	1		-4	56		608
40	40	5/8	5/8	3/4	3	1	1/8	1/8	1		-5	61		608
40	40	5/8	5/8	3/4	2	1	1/8	1/8	1		-1	65		601
40	40	5/8	5/8	3/4	2	1	1/8	1/8	1		-4	68		601
40	40	5/8	5/8	3/4	1	1	1/8	1/8	1		-5	73		596
40	40	5/8	5/8	3/4	2	1	1/8	1/8	1		-5	73		601
41	41	0	0	3/4	3	1	1/12	1/8	2/3		1	43		617
41	41	0	0	3/4	1	1	1/4	1/4	1		-5	73		609
41	41	1/12	1/12	3/4	3	1	1/12	1/8	2/3		1	55		618
41	41	1/12	1/12	3/4	3	1	1/12	1/8	2/3		-2	58		618
41	41	1/12	1/12	3/4	3	1	1/12	1/8	2/3		-5	61		618
41	41	1/12	1/12	3/4	2	1	1/12	1/8	2/3		-1	65		612
41	41	1/12	1/12	3/4	2	1	1/12	1/8	2/3		-2	70		612
41	41	1/12	1/12	3/4	2	1	1/12	1/8	2/3		-5	73		612
41	41	1/6	1/6	3/4	3	1	1/12	1/8	2/3		1	55		619
41	41	1/6	1/6	3/4	3	1	1/12	1/8	2/3		-2	58		619
41	41	1/6	1/6	3/4	3	1	1/12	1/8	2/3		-5	61		619
41	41	1/6	1/6	3/4	2	1	1/12	1/8	2/3		-1	65		613
41	41	1/6	1/6	3/4	2	1	1/12	1/8	2/3		-2	70		613
41	41	1/6	1/6	3/4	2	1	1/12	1/8	2/3		-5	73		613
41	41	1/4	1/4	3/4	3	1	1/8	1/8	1		1	55		620
41	41	1/4	1/4	3/4	3	1	1/8	1/8	1		-2	58		620
41	41	1/4	1/4	3/4	3	1	1/8	1/8	1		-5	61		620
41	41	1/4	1/4	3/4	2	1	1/8	1/8	1		-1	65		614
41	41	1/4	1/4	3/4	1	1	1/4	1/4	1		1	67		610
41	41	1/4	1/4	3/4	2	1	1/8	1/8	1		-2	70		614
41	41	1/4	1/4	3/4	2	1	1/8	1/8	1		-5	73		614
41	41	3/8	3/8	3/4	3	1	1/8	1/8	1		1	55		621
41	41	3/8	3/8	3/4	3	1	1/8	1/8	1		-2	58		621
41	41	3/8	3/8	3/4	3	1	1/8	1/8	1		-5	61		621
41	41	3/8	3/8	3/4	2	1	1/8	1/8	1		-1	65		615
41	41	3/8	3/8	3/4	2	1	1/8	1/8	1		-2	70		615
41	41	3/8	3/8	3/4	2	1	1/8	1/8	1		-5	73		615
41	41	1/2	1/2	3/4	3	1	1/8	1/8	1		0	48		622
41	41	5/8	5/8	3/4	3	1	1/8	1/8	1		1	55		623
41	41	5/8	5/8	3/4	3	1	1/8	1/8	1		-2	58		623
41	41	5/8	5/8	3/4	3	1	1/8	1/8	1		0	60		623
41	41	5/8	5/8	3/4	2	1	1/8	1/8	1		4	64		616
41	41	5/8	5/8	3/4	1	1	1/8	1/8	1		1	67		611
41	41	5/8	5/8	3/4	2	1	1/8	1/8	1		-2	70		616
41	41	5/8	5/8	3/4	2	1	1/8	1/8	1		0	72		616
42	42	0	0	3/4	3	1	1/12	1/8	2/3		-1	41		633
42	42	0	0	3/4	1	1	3/8	1/4	3/2		-4	68		624
42	42	1/12	1/12	3/4	3	1	1/12	1/8	2/3		-1	53		634
42	42	1/12	1/12	3/4	3	1	1/12	1/8	2/3		0	60		634
42	42	1/12	1/12	3/4	2	1	1/12	1/8	2/3		-1	65		628
42	42	1/12	1/12	3/4	2	1	1/12	1/8	2/3		-4	68		628
42	42	1/6	1/6	3/4	3	1	1/12	1/8	2/3		-1	53		635
42	42	1/6	1/6	3/4	3	1	1/12	1/8	2/3		0	60		635
42	42	1/6	1/6	3/4	2	1	1/12	1/8	2/3		-1	65		629
42	42	1/6	1/6	3/4	2	1	1/12	1/8	2/3		-4	68		629
42	42	1/4	1/4	3/4	3	1	1/8	1/8	1		-1	53		636
42	42	1/4	1/4	3/4	3	1	1/8	1/8	1		0	60		636
42	42	1/4	1/4	3/4	2	1	1/8	1/8	1		-1	65		630
42	42	1/4	1/4	3/4	2	1	1/8	1/8	1		-4	68		630
42	42	3/8	3/8	3/4	3	1	1/8	1/8	1		-1	53		637
42	42	3/8	3/8	3/4	3	1	1/8	1/8	1		0	60		637
42	42	3/8	3/8	3/4	2	1	1/8	1/8	1		-1	65		631
42	42	3/8	3/8	3/4	1	1	1/8	1/8	1		-4	68		625
42	42	3/8	3/8	3/4	2	1	1/8	1/8	1		-4	68		631
42	42	1/2	1/2	3/4	3	1	1/8	1/8	1		-2	34		638
42	42	1/2	1/2	3/4	1	1	1/8	1/8	1		0	72		626
42	42	5/8	5/8	3/4	3	1	1/8	1/8	1		-2	46		639
42	42	5/8	5/8	3/4	3	1	1/8	1/8	1		-4	56		639
42	42	5/8	5/8	3/4	2	1	1/8	1/8	1		-5	61		632
42	42	5/8	5/8	3/4	2	1	1/8	1/8	1		-8	64		632
42	42	5/8	5/8	3/4	2	1	1/8	1/8	1		-4	68		632
42	42	5/8	5/8	3/4	1	1	1/8	1/8	1		-2	70		627
43	43	0	0	3/4	3	1	1/12	1/8	2/3		-3	39		647
43	43	0	0	3/4	1	1	3/4	1/2	3/2	1	-3	63		640
43	43	1/12	1/12	3/4	3	1	1/12	1/8	2/3		-3	51		648
43	43	1/12	1/12	3/4	3	1	1/12	1/8	2/3		1	55		648
43	43	1/12	1/12	3/4	2	1	1/12	1/8	2/3		-5	61		641
43	43	1/12	1/12	3/4	2	1	1/12	1/8	2/3		-3	63		641
43	43	1/12	1/12	3/4	2	1	1/12	1/8	2/3		-2	70		641
43	43	1/6	1/6	3/4	3	1	1/12	1/8	2/3		-3	51		649
43	43	1/6	1/6	3/4	3	1	1/12	1/8	2/3		1	55		649
43	43	1/6	1/6	3/4	2	1	1/12	1/8	2/3		-5	61		642
43	43	1/6	1/6	3/4	2	1	1/12	1/8	2/3		-3	63		642
43	43	1/6	1/6	3/4	2	1	1/12	1/8	2/3		-2	70		642
43	43	1/4	1/4	3/4	3	1	1/8	1/8	1		-3	51		650
43	43	1/4	1/4	3/4	3	1	1/8	1/8	1		1	55		650
43	43	1/4	1/4	3/4	2	1	1/8	1/8	1		-5	61		643
43	43	1/4	1/4	3/4	2	1	1/8	1/8	1		-3	63		643
43	43	1/4	1/4	3/4	2	1	1/8	1/8	1		-2	70		643
43	43	3/8	3/8	3/4	3	1	1/8	1/8	1		-3	51		651
43	43	3/8	3/8	3/4	3	1	1/8	1/8	1		1	55		651
43	43	3/8	3/8	3/4	2	1	1/8	1/8	1		-5	61		644
43	43	3/8	3/8	3/4	2	1	1/8	1/8	1		-3	63		644
43	43	3/8	3/8	3/4	2	1	1/8	1/8	1		-2	70		644
43	43	1/2	1/2	3/4	3	1	1/8	1/8	1		-3	51		652
43	43	1/2	1/2	3/4	3	1	1/8	1/8	1		-1	53		652
43	43	1/2	1/2	3/4	2	1	1/8	1/8	1		-5	61		645
43	43	1/2	1/2	3/4	2	1	1/8	1/8	1		-3	63		645
43	43	1/2	1/2	3/4	2	1	1/8	1/8	1		-4	68		645
43	43	5/8	5/8	3/4	3	1	1/8	1/8	1		-3	51		653
43	43	5/8	5/8	3/4	3	1	1/8	1/8	1		-4	56		653
43	43	5/8	5/8	3/4	2	1	1/8	1/8	1		-5	61		646
43	43	5/8	5/8	3/4	2	1	1/8	1/8	1		-3	63		646
43	43	5/8	5/8	3/4	2	1	1/8	1/8	1		0	72		646
44	44	0	0	3/4	3	1	1/12	1/8	2/3		-3	39		663
44	44	0	0	3/4	1	1	1/4	1/4	1	-1	-3	63		654
44	44	0	0	3/4	2	1	1/4	1/4	1		0	72		655
44	44	1/12	1/12	3/4	3	1	1/12	1/8	2/3		-3	51		664
44	44	1/12	1/12	3/4	3	1	1/12	1/8	2/3		-4	56		664
44	44	1/12	1/12	3/4	2	2	1/12	1/8	2/3		-5	61		660
44	44	1/12	1/12	3/4	2	2	1/12	1/8	2/3		-3	63		660
44	44	1/6	1/6	3/4	3	1	1/12	1/8	2/3		-3	51		665
44	44	1/6	1/6	3/4	3	1	1/12	1/8	2/3		-4	56		665
44	44	1/6	1/6	3/4	2	2	1/12	1/8	2/3		-5	61		661
44	44	1/6	1/6	3/4	2	2	1/12	1/8	2/3		-3	63		661
44	44	1/4	1/4	3/4	3	1	1/8	1/8	1		-3	51		666
44	44	1/4	1/4	3/4	3	1	1/8	1/8	1		1	55		666
44	44	1/4	1/4	3/4	2	2	1/8	1/8	1		-5	61		662
44	44	1/4	1/4	3/4	2	1	1/8	1/8	1		-3	63		656
44	44	1/4	1/4	3/4	2	1	1/8	1/8	1		-2	70		656
44	44	3/8	3/8	3/4	3	1	1/8	1/8	1		-3	51		667
44	44	3/8	3/8	3/4	3	1	1/8	1/8	1		-2	58		667
44	44	3/8	3/8	3/4	2	1	1/8	1/8	1		-5	61		657
44	44	3/8	3/8	3/4	2	1	1/8	1/8	1		-3	63		657
44	44	3/8	3/8	3/4	2	1	1/8	1/8	1		1	67		657
44	44	1/2	1/2	3/4	3	1	1/8	1/8	1		-3	51		668
44	44	1/2	1/2	3/4	3	1	1/8	1/8	1		-4	56		668
44	44	1/2	1/2	3/4	2	1	1/8	1/8	1		-5	61		658
44	44	1/2	1/2	3/4	2	1	1/8	1/8	1		-1	65		658
44	44	5/8	5/8	3/4	3	1	1/8	1/8	1		-3	51		669
44	44	5/8	5/8	3/4	3	1	1/8	1/8	1		0	60		669
44	44	5/8	5/8	3/4	2	1	1/8	1/8	1		-5	61		659
44	44	5/8	5/8	3/4	2	1	1/8	1/8	1		-4	68		659
45	45	0	0	3/4	3	1	1/12	1/8	2/3		-3	39		678
45	45	0	0	3/4	2	1	1/4	1/4	1		-4	68		670
45	45	1/12	1/12	3/4	3	1	1/12	1/8	2/3		-3	51		679
45	45	1/12	1/12	3/4	3	1	1/12	1/8	2/3		0	60		679
45	45	1/12	1/12	3/4	2	2	1/12	1/8	2/3		-5	61		675
45	45	1/6	1/6	3/4	3	1	1/12	1/8	2/3		-3	51		680
45	45	1/6	1/6	3/4	3	1	1/12	1/8	2/3		0	60		680
45	45	1/6	1/6	3/4	2	2	1/12	1/8	2/3		-5	61		676
45	45	1/4	1/4	3/4	3	1	1/4	1/4	1		-3	51		681
45	45	1/4	1/4	3/4	3	1	1/4	1/4	1		-2	58		681
45	45	1/4	1/4	3/4	2	2	1/8	1/8	1		-5	61		677
45	45	1/4	1/4	3/4	2	1	1/8	1/8	1		1	67		671
45	45	3/8	3/8	3/4	2	1	1/8	1/8	1		1	55		672
45	45	3/8	3/8	3/4	2	1	1/8	1/8	1		-2	58		672
45	45	3/8	3/8	3/4	2	1	1/8	1/8	1		-3	63		672
45	45	1/2	1/2	3/4	3	1	1/4	1/4	1		-3	39		682
45	45	1/2	1/2	3/4	3	1	1/4	1/4	1		-3	51		682
45	45	1/2	1/2	3/4	2	1	1/8	1/8	1		-1	53		673
45	45	1/2	1/2	3/4	2	1	1/8	1/8	1		-4	56		673
45	45	1/2	1/2	3/4	2	1	1/8	1/8	1		-5	61		673
45	45	5/8	5/8	3/4	2	1	1/8	1/8	1		-4	56		674
45	45	5/8	5/8	3/4	2	1	1/8	1/8	1		-5	61		674
45	45	5/8	5/8	3/4	2	1	1/8	1/8	1		-1	65		674
46	46	0	0	3/4	3	1	3/4	1/2	3/2	1	-3	27		686
46	46	0	0	3/4	3	1	3/4	1/2	3/2	1	-3	39		686
46	46	0	0	3/4	2	2	3/4	1/2	3/2		-4	56		684
46	46	0	0	3/4	2	1	3/4	1/2	3/2	1	-5	61		683
46	46	0	0	3/4	2	1	3/4	1/2	3/2		-1	65		683
46	46	1/2	1/2	3/4	2	3	1/4	1/4	1	1	-2	70		685
47	47	0	0	3/4	3	1	3/4	1/2	3/2	-1	-3	27		689
47	47	0	0	3/4	3	1	3/4	1/2	3/2	-1	-3	39		689
47	47	0	0	3/4	2	2	3/4	1/2	3/2		1	55		688
47	47	0	0	3/4	2	1	3/4	1/2	3/2	-1	-5	61		687
47	47	0	0	3/4	2	1	3/4	1/2	3/2		-3	63		687
47	47	0	0	3/4	2	1	3/4	1/2	3/2	-1	-2	70		687
