mc	mn	quarterbeats	duration_qb	mc_onset	mn_onset	timesig	staff	voice	duration	gracenote	nominal_duration	scalar	tied	tpc	midi	name	octave	chord_id
1	1	0	0.25	0	0	6/8	3	1	1/16		1/16	1		-3	39	Eb2	2	10
1	1	0	0.25	0	0	6/8	3	1	1/16		1/16	1		-2	46	Bb2	2	10
1	1	0	0.25	0	0	6/8	2	1	1/16		1/16	1		1	55	G3	3	0
1	1	1/4	0.25	1/16	1/16	6/8	3	1	1/16		1/16	1		-3	51	Eb3	3	11
1	1	1/4	0.25	1/16	1/16	6/8	2	1	1/16		1/16	1		-2	58	Bb3	3	1
1	1	1/2	0.25	1/8	1/8	6/8	3	1	1/16		1/16	1		1	55	G3	3	12
1	1	1/2	0.25	1/8	1/8	6/8	2	1	1/16		1/16	1		-3	63	Eb4	4	2
1	1	3/4	0.25	3/16	3/16	6/8	3	1	1/16		1/16	1		-2	58	Bb3	3	13
1	1	3/4	0.25	3/16	3/16	6/8	2	1	1/16		1/16	1		1	67	G4	4	3
1	1	1	0.5	1/4	1/4	6/8	3	1	1/8		1/8	1		-3	63	Eb4	4	14
1	1	1	0.5	1/4	1/4	6/8	2	1	1/8		1/8	1		-2	70	Bb4	4	4
1	1	3/2	0.25	3/8	3/8	6/8	3	1	1/16		1/16	1		-3	63	Eb4	4	15
1	1	3/2	0.25	3/8	3/8	6/8	2	1	1/16		1/16	1		-2	70	Bb4	4	5
1	1	7/4	0.25	7/16	7/16	6/8	3	1	1/16		1/16	1		-2	58	Bb3	3	16
1	1	7/4	0.25	7/16	7/16	6/8	2	1	1/16		1/16	1		1	67	G4	4	6
1	1	2	0.25	1/2	1/2	6/8	3	1	1/16		1/16	1		1	55	G3	3	17
1	1	2	0.25	1/2	1/2	6/8	2	1	1/16		1/16	1		-3	63	Eb4	4	7
1	1	9/4	0.25	9/16	9/16	6/8	3	1	1/16		1/16	1		-3	51	Eb3	3	18
1	1	9/4	0.25	9/16	9/16	6/8	2	1	1/16		1/16	1		-2	58	Bb3	3	8
1	1	5/2	0.5	5/8	5/8	6/8	3	1	1/8		1/8	1		-2	46	Bb2	2	19
1	1	5/2	0.5	5/8	5/8	6/8	2	1	1/8		1/8	1		1	55	G3	3	9
2	2	3	0.25	0	0	6/8	3	1	1/16		1/16	1		1	43	G2	2	30
2	2	3	0.25	0	0	6/8	3	1	1/16		1/16	1		-3	51	Eb3	3	30
2	2	3	0.25	0	0	6/8	2	1	1/16		1/16	1		-2	58	Bb3	3	20
2	2	13/4	0.25	1/16	1/16	6/8	3	1	1/16		1/16	1		1	55	G3	3	31
2	2	13/4	0.25	1/16	1/16	6/8	2	1	1/16		1/16	1		-3	63	Eb4	4	21
2	2	7/2	0.25	1/8	1/8	6/8	3	1	1/16		1/16	1		-2	58	Bb3	3	32
2	2	7/2	0.25	1/8	1/8	6/8	2	1	1/16		1/16	1		1	67	G4	4	22
2	2	15/4	0.25	3/16	3/16	6/8	3	1	1/16		1/16	1		-3	63	Eb4	4	33
2	2	15/4	0.25	3/16	3/16	6/8	2	1	1/16		1/16	1		-2	70	Bb4	4	23
2	2	4	0.5	1/4	1/4	6/8	3	1	1/8		1/8	1		1	67	G4	4	34
2	2	4	0.5	1/4	1/4	6/8	2	1	1/8		1/8	1		-3	75	Eb5	5	24
2	2	9/2	0.25	3/8	3/8	6/8	3	1	1/16		1/16	1		1	67	G4	4	35
2	2	9/2	0.25	3/8	3/8	6/8	2	1	1/16		1/16	1		-3	75	Eb5	5	25
2	2	19/4	0.25	7/16	7/16	6/8	3	1	1/16		1/16	1		-3	63	Eb4	4	36
2	2	19/4	0.25	7/16	7/16	6/8	2	1	1/16		1/16	1		-2	70	Bb4	4	26
2	2	5	0.25	1/2	1/2	6/8	3	1	1/16		1/16	1		-2	58	Bb3	3	37
2	2	5	0.25	1/2	1/2	6/8	2	1	1/16		1/16	1		1	67	G4	4	27
2	2	21/4	0.25	9/16	9/16	6/8	3	1	1/16		1/16	1		1	55	G3	3	38
2	2	21/4	0.25	9/16	9/16	6/8	2	1	1/16		1/16	1		-3	63	Eb4	4	28
2	2	11/2	0.5	5/8	5/8	6/8	3	1	1/8		1/8	1		-3	51	Eb3	3	39
2	2	11/2	0.5	5/8	5/8	6/8	2	1	1/8		1/8	1		-2	58	Bb3	3	29
3	3	6	0.25	0	0	6/8	3	1	1/16		1/16	1		-2	46	Bb2	2	48
3	3	6	0.25	0	0	6/8	3	1	1/16		1/16	1		1	55	G3	3	48
3	3	6	0.25	0	0	6/8	2	1	1/16		1/16	1		-3	63	Eb4	4	40
3	3	25/4	0.25	1/16	1/16	6/8	3	1	1/16		1/16	1		-2	58	Bb3	3	49
3	3	25/4	0.25	1/16	1/16	6/8	2	1	1/16		1/16	1		1	67	G4	4	41
3	3	13/2	0.25	1/8	1/8	6/8	3	1	1/16		1/16	1		-3	63	Eb4	4	50
3	3	13/2	0.25	1/8	1/8	6/8	2	1	1/16		1/16	1		-2	70	Bb4	4	42
3	3	27/4	0.25	3/16	3/16	6/8	3	1	1/16		1/16	1		1	67	G4	4	51
3	3	27/4	0.25	3/16	3/16	6/8	2	1	1/16		1/16	1		-3	75	Eb5	5	43
3	3	7	0.5	1/4	1/4	6/8	3	1	1/8		1/8	1		-2	70	Bb4	4	52
3	3	7	0.5	1/4	1/4	6/8	2	1	1/8		1/8	1		1	79	G5	5	44
3	3	15/2	0.75	3/8	3/8	6/8	3	1	3/16		1/8	3/2		1	67	G4	4	53
3	3	15/2	0.75	3/8	3/8	6/8	3	1	3/16		1/8	3/2		-2	70	Bb4	4	53
3	3	15/2	0.75	3/8	3/8	6/8	2	1	3/16		1/8	3/2		1	79	G5	5	45
3	3	15/2	0.75	3/8	3/8	6/8	2	1	3/16		1/8	3/2		-2	82	Bb5	5	45
3	3	33/4	0.25	9/16	9/16	6/8	3	1	1/16		1/16	1		-3	63	Eb4	4	54
3	3	33/4	0.25	9/16	9/16	6/8	3	1	1/16		1/16	1		1	67	G4	4	54
3	3	33/4	0.25	9/16	9/16	6/8	2	1	1/16		1/16	1		-3	75	Eb5	5	46
3	3	33/4	0.25	9/16	9/16	6/8	2	1	1/16		1/16	1		1	79	G5	5	46
3	3	17/2	0.5	5/8	5/8	6/8	3	1	1/8		1/8	1		-2	58	Bb3	3	55
3	3	17/2	0.5	5/8	5/8	6/8	3	1	1/8		1/8	1		-3	63	Eb4	4	55
3	3	17/2	0.5	5/8	5/8	6/8	2	1	1/8		1/8	1		-2	70	Bb4	4	47
3	3	17/2	0.5	5/8	5/8	6/8	2	1	1/8		1/8	1		-3	75	Eb5	5	47
4	4	9	0.5	0	0	6/8	3	1	1/8		1/8	1		1	55	G3	3	60
4	4	9	0.5	0	0	6/8	3	1	1/8		1/8	1		-2	58	Bb3	3	60
4	4	9	0.5	0	0	6/8	2	1	1/8		1/8	1		1	67	G4	4	56
4	4	9	0.5	0	0	6/8	2	1	1/8		1/8	1		-2	70	Bb4	4	56
4	4	19/2	0.5	1/8	1/8	6/8	3	1	1/8		1/8	1		-3	51	Eb3	3	61
4	4	19/2	0.5	1/8	1/8	6/8	3	1	1/8		1/8	1		1	55	G3	3	61
4	4	19/2	0.5	1/8	1/8	6/8	2	1	1/8		1/8	1		-3	63	Eb4	4	57
4	4	19/2	0.5	1/8	1/8	6/8	2	1	1/8		1/8	1		1	67	G4	4	57
4	4	10	0.5	1/4	1/4	6/8	3	1	1/8		1/8	1		-2	46	Bb2	2	62
4	4	10	0.5	1/4	1/4	6/8	3	1	1/8		1/8	1		-3	51	Eb3	3	62
4	4	10	0.5	1/4	1/4	6/8	2	1	1/8		1/8	1		-2	58	Bb3	3	58
4	4	10	0.5	1/4	1/4	6/8	2	1	1/8		1/8	1		-3	63	Eb4	4	58
4	4	21/2	1.5	3/8	3/8	6/8	3	1	3/8		1/4	3/2		-2	34	Bb1	1	63
4	4	21/2	1.5	3/8	3/8	6/8	3	1	3/8		1/4	3/2		-2	46	Bb2	2	63
4	4	21/2	1.5	3/8	3/8	6/8	2	1	3/8		1/4	3/2		-4	56	Ab3	3	59
4	4	21/2	1.5	3/8	3/8	6/8	2	1	3/8		1/4	3/2		2	62	D4	4	59
4	4	21/2	1.5	3/8	3/8	6/8	2	1	3/8		1/4	3/2		-1	65	F4	4	59
4	4	21/2	1.5	3/8	3/8	6/8	2	1	3/8		1/4	3/2		-2	70	Bb4	4	59
5	5	12	0.25	0	0	6/8	3	1	1/16		1/16	1		-3	39	Eb2	2	77
5	5	12	0.25	0	0	6/8	3	1	1/16		1/16	1		-2	46	Bb2	2	77
5	5	12	0.25	0	0	6/8	2	1	1/16		1/16	1		1	55	G3	3	67
5	5	49/4	0.25	1/16	1/16	6/8	3	1	1/16		1/16	1		-3	51	Eb3	3	78
5	5	49/4	0.25	1/16	1/16	6/8	2	1	1/16		1/16	1		-2	58	Bb3	3	68
5	5	25/2	0.25	1/8	1/8	6/8	3	1	1/16		1/16	1		1	55	G3	3	79
5	5	25/2	0.25	1/8	1/8	6/8	2	1	1/16		1/16	1		-3	63	Eb4	4	69
5	5	51/4	0.25	3/16	3/16	6/8	3	1	1/16		1/16	1		-2	58	Bb3	3	80
5	5	51/4	0.25	3/16	3/16	6/8	2	1	1/16		1/16	1		1	67	G4	4	70
5	5	13	0.5	1/4	1/4	6/8	3	1	1/8		1/8	1		-3	63	Eb4	4	81
5	5	13	0.5	1/4	1/4	6/8	1	1	1/8		1/8	1		1	67	G4	4	64
5	5	13	0.5	1/4	1/4	6/8	2	1	1/8		1/8	1		-2	70	Bb4	4	71
5	5	27/2	0.25	3/8	3/8	6/8	3	1	1/16		1/16	1		-3	63	Eb4	4	82
5	5	27/2	0.25	3/8	3/8	6/8	2	1	1/16		1/16	1		-2	70	Bb4	4	72
5	5	27/2	1.0	3/8	3/8	6/8	1	1	1/4		1/4	1		-2	70	Bb4	4	65
5	5	55/4	0.25	7/16	7/16	6/8	3	1	1/16		1/16	1		-2	58	Bb3	3	83
5	5	55/4	0.25	7/16	7/16	6/8	2	1	1/16		1/16	1		1	67	G4	4	73
5	5	14	0.25	1/2	1/2	6/8	3	1	1/16		1/16	1		1	55	G3	3	84
5	5	14	0.25	1/2	1/2	6/8	2	1	1/16		1/16	1		-3	63	Eb4	4	74
5	5	57/4	0.25	9/16	9/16	6/8	3	1	1/16		1/16	1		-3	51	Eb3	3	85
5	5	57/4	0.25	9/16	9/16	6/8	2	1	1/16		1/16	1		-2	58	Bb3	3	75
5	5	29/2	0.5	5/8	5/8	6/8	3	1	1/8		1/8	1		-2	46	Bb2	2	86
5	5	29/2	0.5	5/8	5/8	6/8	2	1	1/8		1/8	1		1	55	G3	3	76
5	5	29/2	0.5	5/8	5/8	6/8	1	1	1/8		1/8	1		-2	70	Bb4	4	66
6	6	15	0.25	0	0	6/8	3	1	1/16		1/16	1		1	43	G2	2	100
6	6	15	0.25	0	0	6/8	3	1	1/16		1/16	1		-3	51	Eb3	3	100
6	6	15	0.25	0	0	6/8	2	1	1/16		1/16	1		-2	58	Bb3	3	90
6	6	15	1.5	0	0	6/8	1	1	3/8		1/4	3/2	1	-3	75	Eb5	5	87
6	6	61/4	0.25	1/16	1/16	6/8	3	1	1/16		1/16	1		1	55	G3	3	101
6	6	61/4	0.25	1/16	1/16	6/8	2	1	1/16		1/16	1		-3	63	Eb4	4	91
6	6	31/2	0.25	1/8	1/8	6/8	3	1	1/16		1/16	1		-2	58	Bb3	3	102
6	6	31/2	0.25	1/8	1/8	6/8	2	1	1/16		1/16	1		1	67	G4	4	92
6	6	63/4	0.25	3/16	3/16	6/8	3	1	1/16		1/16	1		-3	63	Eb4	4	103
6	6	63/4	0.25	3/16	3/16	6/8	2	1	1/16		1/16	1		-2	70	Bb4	4	93
6	6	16	0.5	1/4	1/4	6/8	3	1	1/8		1/8	1		1	67	G4	4	104
6	6	16	0.5	1/4	1/4	6/8	2	1	1/8		1/8	1		-3	75	Eb5	5	94
6	6	33/2	0.25	3/8	3/8	6/8	3	1	1/16		1/16	1		1	67	G4	4	105
6	6	33/2	0.25	3/8	3/8	6/8	2	1	1/16		1/16	1		-3	75	Eb5	5	95
6	6	33/2	1.0	3/8	3/8	6/8	1	1	1/4		1/4	1	-1	-3	75	Eb5	5	88
6	6	67/4	0.25	7/16	7/16	6/8	3	1	1/16		1/16	1		-3	63	Eb4	4	106
6	6	67/4	0.25	7/16	7/16	6/8	2	1	1/16		1/16	1		-2	70	Bb4	4	96
6	6	17	0.25	1/2	1/2	6/8	3	1	1/16		1/16	1		-2	58	Bb3	3	107
6	6	17	0.25	1/2	1/2	6/8	2	1	1/16		1/16	1		1	67	G4	4	97
6	6	69/4	0.25	9/16	9/16	6/8	3	1	1/16		1/16	1		1	55	G3	3	108
6	6	69/4	0.25	9/16	9/16	6/8	2	1	1/16		1/16	1		-3	63	Eb4	4	98
6	6	35/2	0.5	5/8	5/8	6/8	3	1	1/8		1/8	1		-3	51	Eb3	3	109
6	6	35/2	0.5	5/8	5/8	6/8	2	1	1/8		1/8	1		-2	58	Bb3	3	99
6	6	35/2	0.5	5/8	5/8	6/8	1	1	1/8		1/8	1		-2	70	Bb4	4	89
7	7	18	0.25	0	0	6/8	3	1	1/16		1/16	1		-2	46	Bb2	2	123
7	7	18	0.25	0	0	6/8	3	1	1/16		1/16	1		1	55	G3	3	123
7	7	18	0.25	0	0	6/8	2	1	1/16		1/16	1		-3	63	Eb4	4	113
7	7	18	1.5	0	0	6/8	1	1	3/8		1/4	3/2	1	1	79	G5	5	110
7	7	73/4	0.25	1/16	1/16	6/8	3	1	1/16		1/16	1		-2	58	Bb3	3	124
7	7	73/4	0.25	1/16	1/16	6/8	2	1	1/16		1/16	1		1	67	G4	4	114
7	7	37/2	0.25	1/8	1/8	6/8	3	1	1/16		1/16	1		-3	63	Eb4	4	125
7	7	37/2	0.25	1/8	1/8	6/8	2	1	1/16		1/16	1		-2	70	Bb4	4	115
7	7	75/4	0.25	3/16	3/16	6/8	3	1	1/16		1/16	1		1	67	G4	4	126
7	7	75/4	0.25	3/16	3/16	6/8	2	1	1/16		1/16	1		-3	75	Eb5	5	116
7	7	19	0.5	1/4	1/4	6/8	3	1	1/8		1/8	1		-2	70	Bb4	4	127
7	7	19	0.5	1/4	1/4	6/8	2	1	1/8		1/8	1		1	79	G5	5	117
7	7	39/2	0.25	3/8	3/8	6/8	3	1	1/16		1/16	1		-2	70	Bb4	4	128
7	7	39/2	0.25	3/8	3/8	6/8	2	1	1/16		1/16	1		1	79	G5	5	118
7	7	39/2	1.0	3/8	3/8	6/8	1	1	1/4		1/4	1	-1	1	79	G5	5	111
7	7	79/4	0.25	7/16	7/16	6/8	3	1	1/16		1/16	1		1	67	G4	4	129
7	7	79/4	0.25	7/16	7/16	6/8	2	1	1/16		1/16	1		-3	75	Eb5	5	119
7	7	20	0.25	1/2	1/2	6/8	3	1	1/16		1/16	1		-3	63	Eb4	4	130
7	7	20	0.25	1/2	1/2	6/8	2	1	1/16		1/16	1		-2	70	Bb4	4	120
7	7	81/4	0.25	9/16	9/16	6/8	3	1	1/16		1/16	1		-2	58	Bb3	3	131
7	7	81/4	0.25	9/16	9/16	6/8	2	1	1/16		1/16	1		1	67	G4	4	121
7	7	41/2	0.5	5/8	5/8	6/8	3	1	1/8		1/8	1		1	55	G3	3	132
7	7	41/2	0.5	5/8	5/8	6/8	2	1	1/8		1/8	1		-3	63	Eb4	4	122
7	7	41/2	0.5	5/8	5/8	6/8	1	1	1/8		1/8	1		-3	75	Eb5	5	112
8	8	21	0.25	0	0	6/8	3	1	1/16		1/16	1		0	48	C3	3	143
8	8	21	1.5	0	0	6/8	1	1	3/8		1/4	3/2		-3	75	Eb5	5	133
8	8	85/4	0.25	1/16	1/16	6/8	3	1	1/16		1/16	1		-3	51	Eb3	3	144
8	8	85/4	0.25	1/16	1/16	6/8	2	1	1/16		1/16	1		-3	63	Eb4	4	135
8	8	43/2	0.25	1/8	1/8	6/8	3	1	1/16		1/16	1		-4	56	Ab3	3	145
8	8	43/2	0.25	1/8	1/8	6/8	2	1	1/16		1/16	1		-4	68	Ab4	4	136
8	8	87/4	0.25	3/16	3/16	6/8	3	1	1/16		1/16	1		0	60	C4	4	146
8	8	87/4	0.25	3/16	3/16	6/8	2	1	1/16		1/16	1		0	72	C5	5	137
8	8	22	0.5	1/4	1/4	6/8	3	1	1/8		1/8	1		-3	63	Eb4	4	147
8	8	22	0.5	1/4	1/4	6/8	2	1	1/8		1/8	1		-3	75	Eb5	5	138
8	8	45/2	0.25	3/8	3/8	6/8	3	1	1/16		1/16	1		-4	44	Ab2	2	148
8	8	45/2	1.5	3/8	3/8	6/8	1	1	3/8		1/4	3/2		0	72	C5	5	134
8	8	91/4	0.25	7/16	7/16	6/8	3	1	1/16		1/16	1		-3	51	Eb3	3	149
8	8	91/4	0.25	7/16	7/16	6/8	2	1	1/16		1/16	1		0	60	C4	4	139
8	8	23	0.25	1/2	1/2	6/8	3	1	1/16		1/16	1		-4	56	Ab3	3	150
8	8	23	0.25	1/2	1/2	6/8	2	1	1/16		1/16	1		-3	63	Eb4	4	140
8	8	93/4	0.25	9/16	9/16	6/8	3	1	1/16		1/16	1		0	60	C4	4	151
8	8	93/4	0.25	9/16	9/16	6/8	2	1	1/16		1/16	1		-4	68	Ab4	4	141
8	8	47/2	0.5	5/8	5/8	6/8	3	1	1/8		1/8	1		-3	63	Eb4	4	152
8	8	47/2	0.5	5/8	5/8	6/8	2	1	1/8		1/8	1		0	72	C5	5	142
9	9	24	0.25	0	0	6/8	3	1	1/16		1/16	1		1	43	G2	2	163
9	9	24	1.5	0	0	6/8	1	1	3/8		1/4	3/2		-2	70	Bb4	4	153
9	9	97/4	0.25	1/16	1/16	6/8	3	1	1/16		1/16	1		-2	46	Bb2	2	164
9	9	97/4	0.25	1/16	1/16	6/8	2	1	1/16		1/16	1		-2	58	Bb3	3	155
9	9	49/2	0.25	1/8	1/8	6/8	3	1	1/16		1/16	1		-3	51	Eb3	3	165
9	9	49/2	0.25	1/8	1/8	6/8	2	1	1/16		1/16	1		-3	63	Eb4	4	156
9	9	99/4	0.25	3/16	3/16	6/8	3	1	1/16		1/16	1		1	55	G3	3	166
9	9	99/4	0.25	3/16	3/16	6/8	2	1	1/16		1/16	1		1	67	G4	4	157
9	9	25	0.5	1/4	1/4	6/8	3	1	1/8		1/8	1		-2	58	Bb3	3	167
9	9	25	0.5	1/4	1/4	6/8	2	1	1/8		1/8	1		-2	70	Bb4	4	158
9	9	51/2	0.25	3/8	3/8	6/8	3	1	1/16		1/16	1		-3	39	Eb2	2	168
9	9	51/2	1.5	3/8	3/8	6/8	1	1	3/8		1/4	3/2		1	67	G4	4	154
9	9	103/4	0.25	7/16	7/16	6/8	3	1	1/16		1/16	1		-2	46	Bb2	2	169
9	9	103/4	0.25	7/16	7/16	6/8	2	1	1/16		1/16	1		1	55	G3	3	159
9	9	26	0.25	1/2	1/2	6/8	3	1	1/16		1/16	1		-3	51	Eb3	3	170
9	9	26	0.25	1/2	1/2	6/8	2	1	1/16		1/16	1		-2	58	Bb3	3	160
9	9	105/4	0.25	9/16	9/16	6/8	3	1	1/16		1/16	1		1	55	G3	3	171
9	9	105/4	0.25	9/16	9/16	6/8	2	1	1/16		1/16	1		-3	63	Eb4	4	161
9	9	53/2	0.5	5/8	5/8	6/8	3	1	1/8		1/8	1		-2	58	Bb3	3	172
9	9	53/2	0.5	5/8	5/8	6/8	2	1	1/8		1/8	1		1	67	G4	4	162
10	10	27	1.5	0	0	6/8	3	1	3/8		1/4	3/2		-1	41	F2	2	185
10	10	27	1.0	0	0	6/8	1	1	1/4		1/4	1		-1	65	F4	4	173
10	10	109/4	0.25	1/16	1/16	6/8	2	1	1/16		1/16	1		-1	53	F3	3	177
10	10	55/2	0.25	1/8	1/8	6/8	2	1	1/16		1/16	1		-2	58	Bb3	3	178
10	10	111/4	0.25	3/16	3/16	6/8	2	1	1/16		1/16	1		-3	63	Eb4	4	179
10	10	28	0.5	1/4	1/4	6/8	2	1	1/8		1/8	1		-1	65	F4	4	180
10	10	28	0.5	1/4	1/4	6/8	1	1	1/8		1/8	1		2	74	D5	5	174
10	10	57/2	0.0	3/8	3/8	6/8	1	1	0	acciaccatura	1/8	1		2	74	D5	5	175
10	10	57/2	1.5	3/8	3/8	6/8	3	1	3/8		1/4	3/2		-1	29	F1	1	186
10	10	57/2	1.5	3/8	3/8	6/8	3	1	3/8		1/4	3/2		-1	41	F2	2	186
10	10	57/2	1.5	3/8	3/8	6/8	1	1	3/8		1/4	3/2		0	72	C5	5	176
10	10	115/4	0.25	7/16	7/16	6/8	2	1	1/16		1/16	1		-1	53	F3	3	181
10	10	29	0.25	1/2	1/2	6/8	2	1	1/16		1/16	1		3	57	A3	3	182
10	10	117/4	0.25	9/16	9/16	6/8	2	1	1/16		1/16	1		-3	63	Eb4	4	183
10	10	59/2	0.5	5/8	5/8	6/8	2	1	1/8		1/8	1		-1	65	F4	4	184
11	11	30	1.5	0	0	6/8	3	1	3/8		1/4	3/2		-2	34	Bb1	1	196
11	11	30	1.5	0	0	6/8	3	1	3/8		1/4	3/2		-2	46	Bb2	2	196
11	11	30	1.5	0	0	6/8	1	1	3/8		1/4	3/2		-2	70	Bb4	4	187
11	11	121/4	0.25	1/16	1/16	6/8	2	1	1/16		1/16	1		-1	53	F3	3	188
11	11	61/2	0.25	1/8	1/8	6/8	2	1	1/16		1/16	1		-2	58	Bb3	3	189
11	11	123/4	0.25	3/16	3/16	6/8	2	1	1/16		1/16	1		2	62	D4	4	190
11	11	31	0.5	1/4	1/4	6/8	2	1	1/8		1/8	1		-1	65	F4	4	191
11	11	63/2	0.25	3/8	3/8	6/8	3	1	1/16		1/16	1		-2	46	Bb2	2	197
11	11	127/4	0.25	7/16	7/16	6/8	3	1	1/16		1/16	1		-1	53	F3	3	198
11	11	127/4	0.25	7/16	7/16	6/8	2	1	1/16		1/16	1		2	62	D4	4	192
11	11	32	0.25	1/2	1/2	6/8	3	1	1/16		1/16	1		-2	58	Bb3	3	199
11	11	32	0.25	1/2	1/2	6/8	2	1	1/16		1/16	1		-1	65	F4	4	193
11	11	129/4	0.25	9/16	9/16	6/8	3	1	1/16		1/16	1		2	62	D4	4	200
11	11	129/4	0.25	9/16	9/16	6/8	2	1	1/16		1/16	1		-2	70	Bb4	4	194
11	11	65/2	0.5	5/8	5/8	6/8	3	1	1/8		1/8	1		-1	65	F4	4	201
11	11	65/2	0.5	5/8	5/8	6/8	2	1	1/8		1/8	1		2	74	D5	5	195
12	12	33	0.75	0	0	6/8	2	1	3/16		1/8	3/2		2	74	D5	5	203
12	12	33	0.75	0	0	6/8	2	1	3/16		1/8	3/2		-1	77	F5	5	203
12	12	135/4	0.25	3/16	3/16	6/8	2	1	1/16		1/16	1		-2	70	Bb4	4	204
12	12	135/4	0.25	3/16	3/16	6/8	2	1	1/16		1/16	1		2	74	D5	5	204
12	12	34	0.5	1/4	1/4	6/8	2	1	1/8		1/8	1		-1	65	F4	4	205
12	12	34	0.5	1/4	1/4	6/8	2	1	1/8		1/8	1		-2	70	Bb4	4	205
12	12	69/2	0.5	3/8	3/8	6/8	2	1	1/8		1/8	1		2	62	D4	4	206
12	12	69/2	0.5	3/8	3/8	6/8	2	1	1/8		1/8	1		-1	65	F4	4	206
12	12	35	0.5	1/2	1/2	6/8	2	1	1/8		1/8	1		-2	58	Bb3	3	207
12	12	35	0.5	1/2	1/2	6/8	2	1	1/8		1/8	1		2	62	D4	4	207
12	12	71/2	0.5	5/8	5/8	6/8	2	1	1/8		1/8	1		-1	53	F3	3	208
12	12	71/2	0.5	5/8	5/8	6/8	2	1	1/8		1/8	1		-2	58	Bb3	3	208
12	12	71/2	0.5	5/8	5/8	6/8	1	1	1/8		1/8	1		-2	70	Bb4	4	202
13	13	36	0.5	0	0	6/8	3	1	1/8		1/8	1		0	36	C2	2	221
13	13	36	1.0	0	0	6/8	1	1	1/4		1/4	1		-2	70	Bb4	4	209
13	13	145/4	0.25	1/16	1/16	6/8	2	1	1/16		1/16	1		-2	58	Bb3	3	213
13	13	73/2	0.25	1/8	1/8	6/8	2	1	1/16		1/16	1		-3	63	Eb4	4	214
13	13	147/4	0.25	3/16	3/16	6/8	2	1	1/16		1/16	1		1	67	G4	4	215
13	13	37	0.5	1/4	1/4	6/8	1	1	1/8		1/8	1		3	69	A4	4	210
13	13	37	0.5	1/4	1/4	6/8	2	1	1/8		1/8	1		-2	70	Bb4	4	216
13	13	75/2	0.5	3/8	3/8	6/8	3	1	1/8		1/8	1		0	48	C3	3	222
13	13	75/2	1.0	3/8	3/8	6/8	1	1	1/4		1/4	1		3	69	A4	4	211
13	13	151/4	0.25	7/16	7/16	6/8	2	1	1/16		1/16	1		3	57	A3	3	217
13	13	38	0.25	1/2	1/2	6/8	2	1	1/16		1/16	1		-3	63	Eb4	4	218
13	13	153/4	0.25	9/16	9/16	6/8	2	1	1/16		1/16	1		3	69	A4	4	219
13	13	77/2	0.5	5/8	5/8	6/8	2	1	1/8		1/8	1		1	67	G4	4	220
13	13	77/2	0.5	5/8	5/8	6/8	1	1	1/8		1/8	1		-3	75	Eb5	5	212
14	14	39	0.5	0	0	6/8	3	1	1/8		1/8	1		2	38	D2	2	235
14	14	39	1.0	0	0	6/8	1	1	1/4		1/4	1		-3	75	Eb5	5	223
14	14	157/4	0.25	1/16	1/16	6/8	2	1	1/16		1/16	1		3	57	A3	3	227
14	14	79/2	0.25	1/8	1/8	6/8	2	1	1/16		1/16	1		0	60	C4	4	228
14	14	159/4	0.25	3/16	3/16	6/8	2	1	1/16		1/16	1		1	67	G4	4	229
14	14	40	0.5	1/4	1/4	6/8	2	1	1/8		1/8	1		6	66	F#4	4	230
14	14	40	0.5	1/4	1/4	6/8	1	1	1/8		1/8	1		2	74	D5	5	224
14	14	81/2	0.5	3/8	3/8	6/8	3	1	1/8		1/8	1		2	50	D3	3	236
14	14	81/2	1.0	3/8	3/8	6/8	1	1	1/4		1/4	1		2	74	D5	5	225
14	14	163/4	0.25	7/16	7/16	6/8	2	1	1/16		1/16	1		6	54	F#3	3	231
14	14	41	0.25	1/2	1/2	6/8	2	1	1/16		1/16	1		0	60	C4	4	232
14	14	165/4	0.25	9/16	9/16	6/8	2	1	1/16		1/16	1		2	62	D4	4	233
14	14	83/2	0.5	5/8	5/8	6/8	2	1	1/8		1/8	1		6	66	F#4	4	234
14	14	83/2	0.5	5/8	5/8	6/8	1	1	1/8		1/8	1		2	74	D5	5	226
15	15	42	0.5	0	0	6/8	3	1	1/8		1/8	1		-3	39	Eb2	2	249
15	15	42	1.0	0	0	6/8	1	1	1/4		1/4	1		2	74	D5	5	237
15	15	169/4	0.25	1/16	1/16	6/8	2	1	1/16		1/16	1		1	55	G3	3	241
15	15	85/2	0.25	1/8	1/8	6/8	2	1	1/16		1/16	1		5	59	B3	3	242
15	15	171/4	0.25	3/16	3/16	6/8	2	1	1/16		1/16	1		2	62	D4	4	243
15	15	43	0.5	1/4	1/4	6/8	2	1	1/8		1/8	1		-1	65	F4	4	244
15	15	43	0.5	1/4	1/4	6/8	2	1	1/8		1/8	1		1	67	G4	4	244
15	15	43	0.5	1/4	1/4	6/8	1	1	1/8		1/8	1		5	71	B4	4	238
15	15	87/2	0.5	3/8	3/8	6/8	3	1	1/8		1/8	1		-3	51	Eb3	3	250
15	15	87/2	1.0	3/8	3/8	6/8	1	1	1/4		1/4	1		0	72	C5	5	239
15	15	175/4	0.25	7/16	7/16	6/8	2	1	1/16		1/16	1		1	55	G3	3	245
15	15	44	0.25	1/2	1/2	6/8	2	1	1/16		1/16	1		0	60	C4	4	246
15	15	177/4	0.25	9/16	9/16	6/8	2	1	1/16		1/16	1		-3	63	Eb4	4	247
15	15	89/2	0.5	5/8	5/8	6/8	2	1	1/8		1/8	1		1	67	G4	4	248
15	15	89/2	0.5	5/8	5/8	6/8	1	1	1/8		1/8	1		-3	75	Eb5	5	240
16	16	45	1.5	0	0	6/8	3	1	3/8		1/4	3/2		-2	46	Bb2	2	261
16	16	45	1.5	0	0	6/8	3	1	3/8		1/4	3/2		0	48	C3	3	261
16	16	45	1.5	0	0	6/8	3	1	3/8		1/4	3/2		-2	58	Bb3	3	261
16	16	45	1.5	0	0	6/8	1	1	3/8		1/4	3/2		1	79	G5	5	251
16	16	181/4	0.25	1/16	1/16	6/8	2	1	1/16		1/16	1		0	60	C4	4	253
16	16	91/2	0.25	1/8	1/8	6/8	2	1	1/16		1/16	1		-3	63	Eb4	4	254
16	16	183/4	0.25	3/16	3/16	6/8	2	1	1/16		1/16	1		1	67	G4	4	255
16	16	46	0.5	1/4	1/4	6/8	2	1	1/8		1/8	1		0	72	C5	5	256
16	16	93/2	1.5	3/8	3/8	6/8	3	1	3/8		1/4	3/2		3	45	A2	2	262
16	16	93/2	1.5	3/8	3/8	6/8	3	1	3/8		1/4	3/2		0	48	C3	3	262
16	16	93/2	1.5	3/8	3/8	6/8	3	1	3/8		1/4	3/2		3	57	A3	3	262
16	16	93/2	1.5	3/8	3/8	6/8	1	1	3/8		1/4	3/2		-1	77	F5	5	252
16	16	187/4	0.25	7/16	7/16	6/8	2	1	1/16		1/16	1		0	60	C4	4	257
16	16	47	0.25	1/2	1/2	6/8	2	1	1/16		1/16	1		-3	63	Eb4	4	258
16	16	189/4	0.25	9/16	9/16	6/8	2	1	1/16		1/16	1		-1	65	F4	4	259
16	16	95/2	0.5	5/8	5/8	6/8	2	1	1/8		1/8	1		0	72	C5	5	260
17	17	48	1.0	0	0	6/8	3	1	1/4		1/4	1		-2	34	Bb1	1	271
17	17	48	1.0	0	0	6/8	3	1	1/4		1/4	1		-2	46	Bb2	2	271
17	17	193/4	0.25	1/16	1/16	6/8	2	1	1/16		1/16	1		2	62	D4	4	263
17	17	97/2	0.25	1/8	1/8	6/8	2	1	1/16		1/16	1		-1	65	F4	4	264
17	17	195/4	0.25	3/16	3/16	6/8	2	1	1/16		1/16	1		-2	70	Bb4	4	265
17	17	49	0.5	1/4	1/4	6/8	2	1	1/8		1/8	1		2	74	D5	5	266
17	17	99/2	1.0	3/8	3/8	6/8	3	1	1/4		1/4	1		4	52	E3	3	272
17	17	99/2	1.0	3/8	3/8	6/8	3	1	1/4		1/4	1		1	55	G3	3	272
17	17	99/2	1.0	3/8	3/8	6/8	3	1	1/4		1/4	1		-2	58	Bb3	3	272
17	17	199/4	0.25	7/16	7/16	6/8	2	1	1/16		1/16	1		-5	73	Db5	5	267
17	17	50	0.25	1/2	1/2	6/8	2	1	1/16		1/16	1		1	67	G4	4	268
17	17	201/4	0.25	9/16	9/16	6/8	2	1	1/16		1/16	1		4	64	E4	4	269
17	17	101/2	0.5	5/8	5/8	6/8	2	1	1/8		1/8	1		-5	61	Db4	4	270
18	18	51	1.0	0	0	6/8	3	1	1/4		1/4	1		3	33	A1	1	281
18	18	51	1.0	0	0	6/8	3	1	1/4		1/4	1		3	45	A2	2	281
18	18	205/4	0.25	1/16	1/16	6/8	2	1	1/16		1/16	1		0	60	C4	4	273
18	18	103/2	0.25	1/8	1/8	6/8	2	1	1/16		1/16	1		-3	63	Eb4	4	274
18	18	207/4	0.25	3/16	3/16	6/8	2	1	1/16		1/16	1		-1	65	F4	4	275
18	18	52	0.5	1/4	1/4	6/8	2	1	1/8		1/8	1		0	72	C5	5	276
18	18	105/2	1.0	3/8	3/8	6/8	3	1	1/4		1/4	1		-1	53	F3	3	282
18	18	105/2	1.0	3/8	3/8	6/8	3	1	1/4		1/4	1		0	60	C4	4	282
18	18	211/4	0.25	7/16	7/16	6/8	2	1	1/16		1/16	1		-3	75	Eb5	5	277
18	18	53	0.25	1/2	1/2	6/8	2	1	1/16		1/16	1		0	72	C5	5	278
18	18	213/4	0.25	9/16	9/16	6/8	2	1	1/16		1/16	1		-1	65	F4	4	279
18	18	107/2	0.5	5/8	5/8	6/8	2	1	1/8		1/8	1		-3	63	Eb4	4	280
19	19	54	1.0	0	0	6/8	3	1	1/4		1/4	1		-2	34	Bb1	1	294
19	19	54	1.0	0	0	6/8	3	1	1/4		1/4	1		-2	46	Bb2	2	294
19	19	217/4	0.25	1/16	1/16	6/8	2	1	1/16		1/16	1		2	62	D4	4	286
19	19	109/2	0.25	1/8	1/8	6/8	2	1	1/16		1/16	1		-1	65	F4	4	287
19	19	219/4	0.25	3/16	3/16	6/8	2	1	1/16		1/16	1		-2	70	Bb4	4	288
19	19	55	0.5	1/4	1/4	6/8	1	1	1/8		1/8	1		2	74	D5	5	283
19	19	55	0.5	1/4	1/4	6/8	2	1	1/8		1/8	1		2	74	D5	5	289
19	19	111/2	1.0	3/8	3/8	6/8	3	1	1/4		1/4	1		1	55	G3	3	295
19	19	111/2	1.0	3/8	3/8	6/8	3	1	1/4		1/4	1		-2	58	Bb3	3	295
19	19	111/2	1.0	3/8	3/8	6/8	1	1	1/4		1/4	1		-5	73	Db5	5	284
19	19	223/4	0.25	7/16	7/16	6/8	2	1	1/16		1/16	1		-5	73	Db5	5	290
19	19	56	0.25	1/2	1/2	6/8	2	1	1/16		1/16	1		1	67	G4	4	291
19	19	225/4	0.25	9/16	9/16	6/8	2	1	1/16		1/16	1		4	64	E4	4	292
19	19	113/2	0.5	5/8	5/8	6/8	2	1	1/8		1/8	1		-5	61	Db4	4	293
19	19	113/2	0.5	5/8	5/8	6/8	1	1	1/8		1/8	1		-5	73	Db5	5	285
20	20	57	1.0	0	0	6/8	3	1	1/4		1/4	1		3	33	A1	1	307
20	20	57	1.0	0	0	6/8	3	1	1/4		1/4	1		3	45	A2	2	307
20	20	57	1.5	0	0	6/8	1	1	3/8		1/4	3/2	1	0	72	C5	5	296
20	20	229/4	0.25	1/16	1/16	6/8	2	1	1/16		1/16	1		0	60	C4	4	299
20	20	115/2	0.25	1/8	1/8	6/8	2	1	1/16		1/16	1		-1	65	F4	4	300
20	20	231/4	0.25	3/16	3/16	6/8	2	1	1/16		1/16	1		3	69	A4	4	301
20	20	58	0.5	1/4	1/4	6/8	2	1	1/8		1/8	1		0	72	C5	5	302
20	20	117/2	1.0	3/8	3/8	6/8	3	1	1/4		1/4	1		-1	53	F3	3	308
20	20	117/2	1.0	3/8	3/8	6/8	3	1	1/4		1/4	1		0	60	C4	4	308
20	20	117/2	1.0	3/8	3/8	6/8	1	1	1/4		1/4	1	-1	0	72	C5	5	297
20	20	235/4	0.25	7/16	7/16	6/8	2	1	1/16		1/16	1		0	72	C5	5	303
20	20	59	0.25	1/2	1/2	6/8	2	1	1/16		1/16	1		3	69	A4	4	304
20	20	237/4	0.25	9/16	9/16	6/8	2	1	1/16		1/16	1		-1	65	F4	4	305
20	20	119/2	0.5	5/8	5/8	6/8	2	1	1/8		1/8	1		0	60	C4	4	306
20	20	119/2	0.5	5/8	5/8	6/8	1	1	1/8		1/8	1		0	72	C5	5	298
21	21	60	1.0	0	0	6/8	3	1	1/4		1/4	1		-4	32	Ab1	1	322
21	21	60	1.0	0	0	6/8	3	1	1/4		1/4	1		-4	44	Ab2	2	322
21	21	60	1.0	0	0	6/8	1	1	1/4		1/4	1		-1	77	F5	5	309
21	21	241/4	0.25	1/16	1/16	6/8	2	1	1/16		1/16	1		0	60	C4	4	314
21	21	121/2	0.25	1/8	1/8	6/8	2	1	1/16		1/16	1		-1	65	F4	4	315
21	21	243/4	0.25	3/16	3/16	6/8	2	1	1/16		1/16	1		-4	68	Ab4	4	316
21	21	61	0.5	1/4	1/4	6/8	2	1	1/8		1/8	1		0	72	C5	5	317
21	21	61	0.5	1/4	1/4	6/8	1	1	1/8		1/8	1	1	-3	75	Eb5	5	310
21	21	123/2	1.0	3/8	3/8	6/8	3	1	1/4		1/4	1		-4	56	Ab3	3	323
21	21	123/2	1.0	3/8	3/8	6/8	3	1	1/4		1/4	1		0	60	C4	4	323
21	21	123/2	0.5	3/8	3/8	6/8	1	1	1/8		1/8	1	-1	-3	75	Eb5	5	311
21	21	247/4	0.25	7/16	7/16	6/8	2	1	1/16		1/16	1		0	72	C5	5	318
21	21	62	0.25	1/2	1/2	6/8	2	1	1/16		1/16	1		-4	68	Ab4	4	319
21	21	62	0.5	1/2	1/2	6/8	1	1	1/8		1/8	1		2	74	D5	5	312
21	21	249/4	0.25	9/16	9/16	6/8	2	1	1/16		1/16	1		-1	65	F4	4	320
21	21	125/2	0.5	5/8	5/8	6/8	2	1	1/8		1/8	1		2	62	D4	4	321
21	21	125/2	0.5	5/8	5/8	6/8	1	1	1/8		1/8	1		0	72	C5	5	313
22	22	63	1.0	0	0	6/8	3	1	1/4		1/4	1		1	31	G1	1	334
22	22	63	1.0	0	0	6/8	3	1	1/4		1/4	1		1	43	G2	2	334
22	22	63	1.5	0	0	6/8	1	1	3/8		1/4	3/2		5	71	B4	4	324
22	22	253/4	0.25	1/16	1/16	6/8	2	1	1/16		1/16	1		5	59	B3	3	326
22	22	127/2	0.25	1/8	1/8	6/8	2	1	1/16		1/16	1		-1	65	F4	4	327
22	22	255/4	0.25	3/16	3/16	6/8	2	1	1/16		1/16	1		1	67	G4	4	328
22	22	64	0.5	1/4	1/4	6/8	2	1	1/8		1/8	1		5	71	B4	4	329
22	22	129/2	1.5	3/8	3/8	6/8	3	1	3/8		1/4	3/2		5	59	B3	3	335
22	22	259/4	0.25	7/16	7/16	6/8	2	1	1/16		1/16	1		2	62	D4	4	330
22	22	65	0.25	1/2	1/2	6/8	2	1	1/16		1/16	1		-1	65	F4	4	331
22	22	261/4	0.25	9/16	9/16	6/8	2	1	1/16		1/16	1		1	67	G4	4	332
22	22	131/2	0.5	5/8	5/8	6/8	1	1	1/8		1/8	1		2	74	D5	5	325
22	22	131/2	0.5	5/8	5/8	6/8	2	1	1/8		1/8	1		2	74	D5	5	333
23	23	66	1.5	0	0	6/8	3	1	3/8		1/4	3/2		0	60	C4	4	348
23	23	66	1.0	0	0	6/8	1	1	1/4		1/4	1		-3	75	Eb5	5	336
23	23	265/4	0.25	1/16	1/16	6/8	2	1	1/16		1/16	1		-3	63	Eb4	4	340
23	23	133/2	0.25	1/8	1/8	6/8	2	1	1/16		1/16	1		6	66	F#4	4	341
23	23	267/4	0.25	3/16	3/16	6/8	2	1	1/16		1/16	1		3	69	A4	4	342
23	23	67	0.5	1/4	1/4	6/8	1	1	1/8		1/8	1		0	72	C5	5	337
23	23	67	0.5	1/4	1/4	6/8	2	1	1/8		1/8	1		-3	75	Eb5	5	343
23	23	135/2	1.5	3/8	3/8	6/8	3	1	3/8		1/4	3/2		5	59	B3	3	349
23	23	135/2	1.0	3/8	3/8	6/8	1	1	1/4		1/4	1		1	79	G5	5	338
23	23	271/4	0.25	7/16	7/16	6/8	2	1	1/16		1/16	1		-1	77	F5	5	344
23	23	68	0.25	1/2	1/2	6/8	2	1	1/16		1/16	1		2	74	D5	5	345
23	23	273/4	0.25	9/16	9/16	6/8	2	1	1/16		1/16	1		1	67	G4	4	346
23	23	137/2	0.5	5/8	5/8	6/8	2	1	1/8		1/8	1		-1	65	F4	4	347
23	23	137/2	0.5	5/8	5/8	6/8	1	1	1/8		1/8	1		2	74	D5	5	339
24	24	69	1.5	0	0	6/8	3	1	3/8		1/4	3/2		0	48	C3	3	361
24	24	69	1.5	0	0	6/8	3	1	3/8		1/4	3/2		6	54	F#3	3	361
24	24	69	1.5	0	0	6/8	3	1	3/8		1/4	3/2		3	57	A3	3	361
24	24	69	1.5	0	0	6/8	3	1	3/8		1/4	3/2		0	60	C4	4	361
24	24	69	1.0	0	0	6/8	1	1	1/4		1/4	1		-3	75	Eb5	5	350
24	24	277/4	0.25	1/16	1/16	6/8	2	1	1/16		1/16	1		-3	63	Eb4	4	353
24	24	139/2	0.25	1/8	1/8	6/8	2	1	1/16		1/16	1		6	66	F#4	4	354
24	24	279/4	0.25	3/16	3/16	6/8	2	1	1/16		1/16	1		3	69	A4	4	355
24	24	70	0.5	1/4	1/4	6/8	1	1	1/8		1/8	1		0	72	C5	5	351
24	24	70	0.5	1/4	1/4	6/8	2	1	1/8		1/8	1		-3	75	Eb5	5	356
24	24	141/2	1.5	3/8	3/8	6/8	3	1	3/8		1/4	3/2		5	47	B2	2	362
24	24	141/2	1.5	3/8	3/8	6/8	3	1	3/8		1/4	3/2		1	55	G3	3	362
24	24	141/2	1.5	3/8	3/8	6/8	3	1	3/8		1/4	3/2		2	62	D4	4	362
24	24	141/2	1.0	3/8	3/8	6/8	1	1	1/4		1/4	1		1	79	G5	5	352
24	24	283/4	0.25	7/16	7/16	6/8	2	1	1/16		1/16	1		-1	77	F5	5	357
24	24	71	0.25	1/2	1/2	6/8	2	1	1/16		1/16	1		2	74	D5	5	358
24	24	285/4	0.25	9/16	9/16	6/8	2	1	1/16		1/16	1		1	67	G4	4	359
24	24	143/2	0.5	5/8	5/8	6/8	2	1	1/8		1/8	1		-1	65	F4	4	360
25	25	72	0.5	0	0	6/8	3	1	1/8		1/8	1		0	36	C2	2	372
25	25	72	0.5	0	0	6/8	3	1	1/8		1/8	1		0	48	C3	3	372
25	25	289/4	0.25	1/16	1/16	6/8	2	1	1/16		1/16	1		-3	63	Eb4	4	364
25	25	145/2	0.25	1/8	1/8	6/8	2	1	1/16		1/16	1		1	67	G4	4	365
25	25	291/4	0.25	3/16	3/16	6/8	2	1	1/16		1/16	1		0	72	C5	5	366
25	25	73	0.5	1/4	1/4	6/8	2	1	1/8		1/8	1		-3	75	Eb5	5	367
25	25	147/2	1.5	3/8	3/8	6/8	3	2	3/8		1/4	3/2	1	0	48	C3	3	374
25	25	147/2	1.5	3/8	3/8	6/8	3	2	3/8		1/4	3/2	1	-3	51	Eb3	3	374
25	25	147/2	1.5	3/8	3/8	6/8	3	1	3/8		1/4	3/2		1	55	G3	3	373
25	25	295/4	0.25	7/16	7/16	6/8	2	1	1/16		1/16	1		-3	75	Eb5	5	368
25	25	74	0.25	1/2	1/2	6/8	2	1	1/16		1/16	1		0	72	C5	5	369
25	25	297/4	0.25	9/16	9/16	6/8	2	1	1/16		1/16	1		1	67	G4	4	370
25	25	149/2	0.5	5/8	5/8	6/8	2	1	1/8		1/8	1		-3	63	Eb4	4	371
25	25	149/2	0.5	5/8	5/8	6/8	1	1	1/8		1/8	1		-3	75	Eb5	5	363
26	26	75	3.0	0	0	6/8	3	2	3/4		1/2	3/2	-1	0	48	C3	3	389
26	26	75	3.0	0	0	6/8	3	2	3/4		1/2	3/2	-1	-3	51	Eb3	3	389
26	26	75	1.5	0	0	6/8	3	1	3/8		1/4	3/2		-4	56	Ab3	3	387
26	26	75	1.5	0	0	6/8	1	1	3/8		1/4	3/2	1	-3	75	Eb5	5	375
26	26	301/4	0.25	1/16	1/16	6/8	2	1	1/16		1/16	1		-3	63	Eb4	4	379
26	26	151/2	0.25	1/8	1/8	6/8	2	1	1/16		1/16	1		-4	68	Ab4	4	380
26	26	303/4	0.25	3/16	3/16	6/8	2	1	1/16		1/16	1		0	72	C5	5	381
26	26	76	0.5	1/4	1/4	6/8	2	1	1/8		1/8	1		-3	75	Eb5	5	382
26	26	153/2	1.0	3/8	3/8	6/8	3	1	1/4		1/4	1		3	57	A3	3	388
26	26	153/2	0.5	3/8	3/8	6/8	1	1	1/8		1/8	1	-1	-3	75	Eb5	5	376
26	26	307/4	0.25	7/16	7/16	6/8	2	1	1/16		1/16	1		3	69	A4	4	383
26	26	77	0.25	1/2	1/2	6/8	2	1	1/16		1/16	1		-6	66	Gb4	4	384
26	26	77	0.5	1/2	1/2	6/8	1	1	1/8		1/8	1		2	74	D5	5	377
26	26	309/4	0.25	9/16	9/16	6/8	2	1	1/16		1/16	1		-3	63	Eb4	4	385
26	26	155/2	0.5	5/8	5/8	6/8	2	1	1/8		1/8	1		3	57	A3	3	386
26	26	155/2	0.5	5/8	5/8	6/8	1	1	1/8		1/8	1		0	72	C5	5	378
27	27	78	3.0	0	0	6/8	3	2	3/4		1/2	3/2		2	38	D2	2	402
27	27	78	1.5	0	0	6/8	3	1	3/8		1/4	3/2		-2	46	Bb2	2	400
27	27	78	1.5	0	0	6/8	1	1	3/8		1/4	3/2		-1	77	F5	5	390
27	27	313/4	0.25	1/16	1/16	6/8	2	1	1/16		1/16	1		-1	65	F4	4	392
27	27	157/2	0.25	1/8	1/8	6/8	2	1	1/16		1/16	1		-4	68	Ab4	4	393
27	27	315/4	0.25	3/16	3/16	6/8	2	1	1/16		1/16	1		-2	70	Bb4	4	394
27	27	79	0.5	1/4	1/4	6/8	2	1	1/8		1/8	1		-1	77	F5	5	395
27	27	159/2	1.5	3/8	3/8	6/8	3	1	3/8		1/4	3/2		-1	53	F3	3	401
27	27	159/2	1.5	3/8	3/8	6/8	1	1	3/8		1/4	3/2		-2	70	Bb4	4	391
27	27	319/4	0.25	7/16	7/16	6/8	2	1	1/16		1/16	1		-4	68	Ab4	4	396
27	27	80	0.25	1/2	1/2	6/8	2	1	1/16		1/16	1		-1	65	F4	4	397
27	27	321/4	0.25	9/16	9/16	6/8	2	1	1/16		1/16	1		-2	58	Bb3	3	398
27	27	161/2	0.5	5/8	5/8	6/8	2	1	1/8		1/8	1		-4	56	Ab3	3	399
28	28	81	1.5	0	0	6/8	3	3	3/8		1/4	3/2		-3	39	Eb2	2	422
28	28	81	3.0	0	0	6/8	3	2	3/4		1/2	3/2		-2	46	Bb2	2	421
28	28	81	1.5	0	0	6/8	3	1	3/8		1/4	3/2		-3	51	Eb3	3	419
28	28	81	0.75	0	0	6/8	1	1	3/16		1/8	3/2		1	67	G4	4	403
28	28	81	1.0	0	0	6/8	1	2	1/4		1/4	1		1	67	G4	4	407
28	28	325/4	0.25	1/16	1/16	6/8	2	1	1/16		1/16	1		1	55	G3	3	411
28	28	163/2	0.25	1/8	1/8	6/8	2	1	1/16		1/16	1		-2	58	Bb3	3	412
28	28	327/4	0.25	3/16	3/16	6/8	2	1	1/16		1/16	1		-3	63	Eb4	4	413
28	28	327/4	0.25	3/16	3/16	6/8	1	1	1/16		1/16	1		1	67	G4	4	404
28	28	82	0.5	1/4	1/4	6/8	1	1	1/8		1/8	1		1	67	G4	4	405
28	28	82	0.5	1/4	1/4	6/8	1	2	1/8		1/8	1		1	67	G4	4	408
28	28	82	0.5	1/4	1/4	6/8	2	1	1/8		1/8	1		1	67	G4	4	414
28	28	165/2	1.5	3/8	3/8	6/8	3	3	3/8		1/4	3/2		4	40	E2	2	423
28	28	165/2	1.5	3/8	3/8	6/8	3	1	3/8		1/4	3/2		4	52	E3	3	420
28	28	165/2	1.0	3/8	3/8	6/8	1	2	1/4		1/4	1		0	72	C5	5	409
28	28	331/4	0.25	7/16	7/16	6/8	2	1	1/16		1/16	1		1	55	G3	3	415
28	28	83	0.25	1/2	1/2	6/8	2	1	1/16		1/16	1		-2	58	Bb3	3	416
28	28	333/4	0.25	9/16	9/16	6/8	2	1	1/16		1/16	1		7	61	C#4	4	417
28	28	167/2	0.5	5/8	5/8	6/8	2	1	1/8		1/8	1		1	67	G4	4	418
28	28	167/2	0.5	5/8	5/8	6/8	1	1	1/8		1/8	1		-2	70	Bb4	4	406
28	28	167/2	0.5	5/8	5/8	6/8	1	2	1/8		1/8	1		-2	70	Bb4	4	410
29	29	84	1.5	0	0	6/8	3	3	3/8		1/4	3/2		-1	41	F2	2	439
29	29	84	3.0	0	0	6/8	3	2	3/4		1/2	3/2		-2	46	Bb2	2	438
29	29	84	1.5	0	0	6/8	3	1	3/8		1/4	3/2		-1	53	F3	3	436
29	29	84	1.0	0	0	6/8	1	1	1/4		1/4	1		-4	68	Ab4	4	424
29	29	337/4	0.25	1/16	1/16	6/8	2	1	1/16		1/16	1		-4	56	Ab3	3	428
29	29	169/2	0.25	1/8	1/8	6/8	2	1	1/16		1/16	1		-2	58	Bb3	3	429
29	29	339/4	0.25	3/16	3/16	6/8	2	1	1/16		1/16	1		2	62	D4	4	430
29	29	85	0.5	1/4	1/4	6/8	1	1	1/8		1/8	1		-4	68	Ab4	4	425
29	29	85	0.5	1/4	1/4	6/8	2	1	1/8		1/8	1		-4	68	Ab4	4	431
29	29	171/2	1.5	3/8	3/8	6/8	3	3	3/8		1/4	3/2		6	42	F#2	2	440
29	29	171/2	1.5	3/8	3/8	6/8	3	1	3/8		1/4	3/2		6	54	F#3	3	437
29	29	171/2	1.0	3/8	3/8	6/8	1	1	1/4		1/4	1		2	74	D5	5	426
29	29	343/4	0.25	7/16	7/16	6/8	2	1	1/16		1/16	1		3	57	A3	3	432
29	29	86	0.25	1/2	1/2	6/8	2	1	1/16		1/16	1		-2	58	Bb3	3	433
29	29	345/4	0.25	9/16	9/16	6/8	2	1	1/16		1/16	1		-3	63	Eb4	4	434
29	29	173/2	0.5	5/8	5/8	6/8	2	1	1/8		1/8	1		3	69	A4	4	435
29	29	173/2	0.5	5/8	5/8	6/8	1	1	1/8		1/8	1		0	72	C5	5	427
30	30	87	1.5	0	0	6/8	3	1	3/8		1/4	3/2		1	43	G2	2	452
30	30	87	1.5	0	0	6/8	3	1	3/8		1/4	3/2		-2	46	Bb2	2	452
30	30	87	1.5	0	0	6/8	3	1	3/8		1/4	3/2		1	55	G3	3	452
30	30	87	1.0	0	0	6/8	1	1	1/4		1/4	1		0	72	C5	5	441
30	30	349/4	0.25	1/16	1/16	6/8	2	1	1/16		1/16	1		-2	58	Bb3	3	444
30	30	175/2	0.25	1/8	1/8	6/8	2	1	1/16		1/16	1		-3	63	Eb4	4	445
30	30	351/4	0.25	3/16	3/16	6/8	2	1	1/16		1/16	1		1	67	G4	4	446
30	30	88	0.5	1/4	1/4	6/8	1	1	1/8		1/8	1		-2	70	Bb4	4	442
30	30	88	0.5	1/4	1/4	6/8	2	1	1/8		1/8	1		-2	70	Bb4	4	447
30	30	177/2	1.5	3/8	3/8	6/8	3	1	3/8		1/4	3/2		1	43	G2	2	453
30	30	177/2	1.5	3/8	3/8	6/8	3	1	3/8		1/4	3/2	1	-3	51	Eb3	3	453
30	30	177/2	1.5	3/8	3/8	6/8	3	1	3/8		1/4	3/2		-2	58	Bb3	3	453
30	30	355/4	0.25	7/16	7/16	6/8	2	1	1/16		1/16	1		-5	61	Db4	4	448
30	30	89	0.25	1/2	1/2	6/8	2	1	1/16		1/16	1		-3	63	Eb4	4	449
30	30	357/4	0.25	9/16	9/16	6/8	2	1	1/16		1/16	1		-2	70	Bb4	4	450
30	30	179/2	0.5	5/8	5/8	6/8	1	1	1/8		1/8	1		-5	73	Db5	5	443
30	30	179/2	0.5	5/8	5/8	6/8	2	1	1/8		1/8	1		-5	73	Db5	5	451
31	31	90	1.5	0	0	6/8	3	1	3/8		1/4	3/2		-4	44	Ab2	2	465
31	31	90	1.5	0	0	6/8	3	1	3/8		1/4	3/2	-1	-3	51	Eb3	3	465
31	31	90	1.5	0	0	6/8	3	1	3/8		1/4	3/2		-4	56	Ab3	3	465
31	31	90	1.5	0	0	6/8	1	1	3/8		1/4	3/2		0	72	C5	5	454
31	31	361/4	0.25	1/16	1/16	6/8	2	1	1/16		1/16	1		0	60	C4	4	457
31	31	181/2	0.25	1/8	1/8	6/8	2	1	1/16		1/16	1		-3	63	Eb4	4	458
31	31	363/4	0.25	3/16	3/16	6/8	2	1	1/16		1/16	1		-4	68	Ab4	4	459
31	31	91	0.5	1/4	1/4	6/8	2	1	1/8		1/8	1		0	72	C5	5	460
31	31	183/2	1.5	3/8	3/8	6/8	3	1	3/8		1/4	3/2	1	-4	32	Ab1	1	466
31	31	183/2	1.5	3/8	3/8	6/8	3	1	3/8		1/4	3/2	1	-4	44	Ab2	2	466
31	31	183/2	1.0	3/8	3/8	6/8	1	1	1/4		1/4	1		-1	77	F5	5	455
31	31	367/4	0.25	7/16	7/16	6/8	2	1	1/16		1/16	1		-7	59	Cb4	4	461
31	31	92	0.25	1/2	1/2	6/8	2	1	1/16		1/16	1		-3	63	Eb4	4	462
31	31	369/4	0.25	9/16	9/16	6/8	2	1	1/16		1/16	1		-1	65	F4	4	463
31	31	185/2	0.5	5/8	5/8	6/8	2	1	1/8		1/8	1		-7	71	Cb5	5	464
31	31	185/2	0.5	5/8	5/8	6/8	1	1	1/8		1/8	1		-3	75	Eb5	5	456
32	32	93	1.5	0	0	6/8	3	1	3/8		1/4	3/2	-1	-4	32	Ab1	1	478
32	32	93	1.5	0	0	6/8	3	1	3/8		1/4	3/2	-1	-4	44	Ab2	2	478
32	32	93	1.0	0	0	6/8	1	1	1/4		1/4	1		-3	75	Eb5	5	467
32	32	373/4	0.25	1/16	1/16	6/8	2	1	1/16		1/16	1		-2	58	Bb3	3	470
32	32	187/2	0.25	1/8	1/8	6/8	2	1	1/16		1/16	1		2	62	D4	4	471
32	32	375/4	0.25	3/16	3/16	6/8	2	1	1/16		1/16	1		-1	65	F4	4	472
32	32	94	0.5	1/4	1/4	6/8	2	1	1/8		1/8	1		-2	70	Bb4	4	473
32	32	94	0.5	1/4	1/4	6/8	1	1	1/8		1/8	1		2	74	D5	5	468
32	32	189/2	1.5	3/8	3/8	6/8	3	1	3/8		1/4	3/2		-4	44	Ab2	2	479
32	32	189/2	1.5	3/8	3/8	6/8	3	1	3/8		1/4	3/2		-2	46	Bb2	2	479
32	32	189/2	1.5	3/8	3/8	6/8	3	1	3/8		1/4	3/2		-2	58	Bb3	3	479
32	32	379/4	0.25	7/16	7/16	6/8	2	1	1/16		1/16	1		2	62	D4	4	474
32	32	95	0.25	1/2	1/2	6/8	2	1	1/16		1/16	1		-1	65	F4	4	475
32	32	381/4	0.25	9/16	9/16	6/8	2	1	1/16		1/16	1		-2	70	Bb4	4	476
32	32	191/2	0.5	5/8	5/8	6/8	1	1	1/8		1/8	1		-2	70	Bb4	4	469
32	32	191/2	0.5	5/8	5/8	6/8	2	1	1/8		1/8	1		2	74	D5	5	477
33	33	96	3.0	0	0	6/8	3	2	3/4		1/2	3/2		1	43	G2	2	497
33	33	96	1.0	0	0	6/8	3	1	1/4		1/4	1		-2	58	Bb3	3	493
33	33	96	1.0	0	0	6/8	1	1	1/4		1/4	1		1	79	G5	5	480
33	33	385/4	0.25	1/16	1/16	6/8	2	1	1/16		1/16	1		1	67	G4	4	484
33	33	193/2	0.25	1/8	1/8	6/8	2	1	1/16		1/16	1		-2	70	Bb4	4	485
33	33	387/4	0.25	3/16	3/16	6/8	2	1	1/16		1/16	1		1	79	G5	5	486
33	33	97	0.5	1/4	1/4	6/8	3	1	1/8		1/8	1		5	59	B3	3	494
33	33	97	0.5	1/4	1/4	6/8	2	1	1/8		1/8	1		-4	68	Ab4	4	487
33	33	97	0.5	1/4	1/4	6/8	1	1	1/8		1/8	1		2	74	D5	5	481
33	33	97	0.5	1/4	1/4	6/8	2	1	1/8		1/8	1		2	74	D5	5	487
33	33	195/2	0.25	3/8	3/8	6/8	2	1	1/16		1/16	1		0	60	C4	4	488
33	33	195/2	1.0	3/8	3/8	6/8	3	1	1/4		1/4	1		0	60	C4	4	495
33	33	195/2	1.0	3/8	3/8	6/8	1	1	1/4		1/4	1		-3	75	Eb5	5	482
33	33	391/4	0.25	7/16	7/16	6/8	2	1	1/16		1/16	1		-3	63	Eb4	4	489
33	33	98	0.25	1/2	1/2	6/8	2	1	1/16		1/16	1		1	67	G4	4	490
33	33	393/4	0.25	9/16	9/16	6/8	2	1	1/16		1/16	1		-3	75	Eb5	5	491
33	33	197/2	0.5	5/8	5/8	6/8	3	1	1/8		1/8	1		2	62	D4	4	496
33	33	197/2	0.5	5/8	5/8	6/8	2	1	1/8		1/8	1		-1	65	F4	4	492
33	33	197/2	0.5	5/8	5/8	6/8	1	1	1/8		1/8	1		5	71	B4	4	483
33	33	197/2	0.5	5/8	5/8	6/8	2	1	1/8		1/8	1		5	71	B4	4	492
34	34	99	0.25	0	0	6/8	3	1	1/16		1/16	1		-4	44	Ab2	2	511
34	34	99	1.0	0	0	6/8	3	2	1/4		1/4	1		-4	44	Ab2	2	517
34	34	99	1.0	0	0	6/8	1	2	1/4		1/4	1		0	72	C5	5	502
34	34	397/4	0.25	1/16	1/16	6/8	3	1	1/16		1/16	1		-3	51	Eb3	3	512
34	34	199/2	0.25	1/8	1/8	6/8	3	1	1/16		1/16	1		0	60	C4	4	513
34	34	199/2	0.5	1/8	1/8	6/8	2	1	1/8		1/8	1		-3	63	Eb4	4	504
34	34	199/2	0.5	1/8	1/8	6/8	1	1	1/8		1/8	1		0	72	C5	5	498
34	34	399/4	0.25	3/16	3/16	6/8	3	1	1/16		1/16	1		0	72	C5	5	514
34	34	100	0.5	1/4	1/4	6/8	3	1	1/8		1/8	1		-2	58	Bb3	3	515
34	34	100	0.5	1/4	1/4	6/8	3	1	1/8		1/8	1		-5	61	Db4	4	515
34	34	100	0.5	1/4	1/4	6/8	3	1	1/8		1/8	1		4	64	E4	4	515
34	34	100	0.5	1/4	1/4	6/8	1	1	1/8		1/8	1		1	67	G4	4	499
34	34	100	0.5	1/4	1/4	6/8	1	2	1/8		1/8	1		1	67	G4	4	503
34	34	100	0.5	1/4	1/4	6/8	2	1	1/8		1/8	1		1	67	G4	4	505
34	34	201/2	0.25	3/8	3/8	6/8	2	1	1/16		1/16	1	1	-4	56	Ab3	3	506
34	34	201/2	1.0	3/8	3/8	6/8	3	2	1/4		1/4	1		-4	56	Ab3	3	518
34	34	201/2	1.0	3/8	3/8	6/8	1	1	1/4		1/4	1		-4	68	Ab4	4	500
34	34	403/4	0.25	7/16	7/16	6/8	2	1	1/16		1/16	1		0	60	C4	4	507
34	34	101	0.25	1/2	1/2	6/8	2	1	1/16		1/16	1		-1	65	F4	4	508
34	34	405/4	0.25	9/16	9/16	6/8	2	1	1/16		1/16	1		-4	68	Ab4	4	509
34	34	203/2	0.5	5/8	5/8	6/8	3	1	1/8		1/8	1	-1	-4	56	Ab3	3	516
34	34	203/2	0.5	5/8	5/8	6/8	3	1	1/8		1/8	1		-7	59	Cb4	4	516
34	34	203/2	0.5	5/8	5/8	6/8	3	1	1/8		1/8	1		-3	63	Eb4	4	516
34	34	203/2	0.5	5/8	5/8	6/8	1	1	1/8		1/8	1		-1	65	F4	4	501
34	34	203/2	0.5	5/8	5/8	6/8	2	1	1/8		1/8	1		-1	65	F4	4	510
35	35	102	3.0	0	0	6/8	3	1	3/4		1/2	3/2		-2	46	Bb2	2	527
35	35	102	1.0	0	0	6/8	2	1	1/4		1/4	1		1	55	G3	3	523
35	35	102	1.0	0	0	6/8	2	1	1/4		1/4	1		-2	58	Bb3	3	523
35	35	102	1.0	0	0	6/8	2	1	1/4		1/4	1		-3	63	Eb4	4	523
35	35	102	1.0	0	0	6/8	1	1	1/4		1/4	1		-2	70	Bb4	4	519
35	35	102	1.0	0	0	6/8	2	1	1/4		1/4	1		-2	70	Bb4	4	523
35	35	103	0.5	1/4	1/4	6/8	2	1	1/8		1/8	1		0	60	C4	4	524
35	35	103	0.5	1/4	1/4	6/8	2	1	1/8		1/8	1		-3	63	Eb4	4	524
35	35	103	0.5	1/4	1/4	6/8	2	1	1/8		1/8	1		-4	68	Ab4	4	524
35	35	103	0.5	1/4	1/4	6/8	1	1	1/8		1/8	1		0	72	C5	5	520
35	35	207/2	1.0	3/8	3/8	6/8	2	1	1/4		1/4	1		-4	56	Ab3	3	525
35	35	207/2	1.0	3/8	3/8	6/8	2	1	1/4		1/4	1		-2	58	Bb3	3	525
35	35	207/2	1.0	3/8	3/8	6/8	2	1	1/4		1/4	1		2	62	D4	4	525
35	35	207/2	1.0	3/8	3/8	6/8	2	1	1/4		1/4	1		-1	65	F4	4	525
35	35	207/2	1.0	3/8	3/8	6/8	1	1	1/4		1/4	1		2	74	D5	5	521
35	35	209/2	0.5	5/8	5/8	6/8	2	1	1/8		1/8	1		1	55	G3	3	526
35	35	209/2	0.5	5/8	5/8	6/8	2	1	1/8		1/8	1		-2	58	Bb3	3	526
35	35	209/2	0.5	5/8	5/8	6/8	2	1	1/8		1/8	1		-3	63	Eb4	4	526
35	35	209/2	0.5	5/8	5/8	6/8	1	1	1/8		1/8	1		-3	75	Eb5	5	522
36	36	105	3.0	0	0	6/8	3	1	3/4		1/2	3/2		-2	34	Bb1	1	533
36	36	105	3.0	0	0	6/8	3	1	3/4		1/2	3/2		-2	46	Bb2	2	533
36	36	105	3.0	0	0	6/8	2	1	3/4		1/2	3/2		-2	58	Bb3	3	530
36	36	105	1.5	0	0	6/8	2	2	3/8		1/4	3/2		-3	63	Eb4	4	531
36	36	105	3.0	0	0	6/8	2	1	3/4		1/2	3/2		-4	68	Ab4	4	530
36	36	105	3.0	0	0	6/8	2	1	3/4		1/2	3/2		-2	70	Bb4	4	530
36	36	105	1.5	0	0	6/8	1	1	3/8		1/4	3/2		1	79	G5	5	528
36	36	213/2	1.5	3/8	3/8	6/8	2	2	3/8		1/4	3/2		2	62	D4	4	532
36	36	213/2	1.5	3/8	3/8	6/8	1	1	3/8		1/4	3/2		-1	77	F5	5	529
37	37	108	0.0	0	0	6/8	1	1	0	acciaccatura	1/8	1		-3	75	Eb5	5	534
37	37	108	0.25	0	0	6/8	3	1	1/16		1/16	1		-3	39	Eb2	2	546
37	37	108	0.25	0	0	6/8	3	1	1/16		1/16	1		-2	46	Bb2	2	546
37	37	108	0.25	0	0	6/8	2	1	1/16		1/16	1		1	55	G3	3	536
37	37	108	1.5	0	0	6/8	1	1	3/8		1/4	3/2		-3	75	Eb5	5	535
37	37	433/4	0.25	1/16	1/16	6/8	3	1	1/16		1/16	1		-3	51	Eb3	3	547
37	37	433/4	0.25	1/16	1/16	6/8	2	1	1/16		1/16	1		-2	58	Bb3	3	537
37	37	217/2	0.25	1/8	1/8	6/8	3	1	1/16		1/16	1		1	55	G3	3	548
37	37	217/2	0.25	1/8	1/8	6/8	2	1	1/16		1/16	1		-3	63	Eb4	4	538
37	37	435/4	0.25	3/16	3/16	6/8	3	1	1/16		1/16	1		-2	58	Bb3	3	549
37	37	435/4	0.25	3/16	3/16	6/8	2	1	1/16		1/16	1		1	67	G4	4	539
37	37	109	0.5	1/4	1/4	6/8	3	1	1/8		1/8	1		-3	63	Eb4	4	550
37	37	109	0.5	1/4	1/4	6/8	2	1	1/8		1/8	1		-2	70	Bb4	4	540
37	37	219/2	0.25	3/8	3/8	6/8	3	1	1/16		1/16	1		-3	63	Eb4	4	551
37	37	219/2	0.25	3/8	3/8	6/8	2	1	1/16		1/16	1		-2	70	Bb4	4	541
37	37	439/4	0.25	7/16	7/16	6/8	3	1	1/16		1/16	1		-2	58	Bb3	3	552
37	37	439/4	0.25	7/16	7/16	6/8	2	1	1/16		1/16	1		1	67	G4	4	542
37	37	110	0.25	1/2	1/2	6/8	3	1	1/16		1/16	1		1	55	G3	3	553
37	37	110	0.25	1/2	1/2	6/8	2	1	1/16		1/16	1		-3	63	Eb4	4	543
37	37	441/4	0.25	9/16	9/16	6/8	3	1	1/16		1/16	1		-3	51	Eb3	3	554
37	37	441/4	0.25	9/16	9/16	6/8	2	1	1/16		1/16	1		-2	58	Bb3	3	544
37	37	221/2	0.5	5/8	5/8	6/8	3	1	1/8		1/8	1		-2	46	Bb2	2	555
37	37	221/2	0.5	5/8	5/8	6/8	2	1	1/8		1/8	1		1	55	G3	3	545
38	38	111	0.25	0	0	6/8	3	1	1/16		1/16	1		1	43	G2	2	566
38	38	111	0.25	0	0	6/8	3	1	1/16		1/16	1		-3	51	Eb3	3	566
38	38	111	0.25	0	0	6/8	2	1	1/16		1/16	1		-2	58	Bb3	3	556
38	38	445/4	0.25	1/16	1/16	6/8	3	1	1/16		1/16	1		1	55	G3	3	567
38	38	445/4	0.25	1/16	1/16	6/8	2	1	1/16		1/16	1		-3	63	Eb4	4	557
38	38	223/2	0.25	1/8	1/8	6/8	3	1	1/16		1/16	1		-2	58	Bb3	3	568
38	38	223/2	0.25	1/8	1/8	6/8	2	1	1/16		1/16	1		1	67	G4	4	558
38	38	447/4	0.25	3/16	3/16	6/8	3	1	1/16		1/16	1		-3	63	Eb4	4	569
38	38	447/4	0.25	3/16	3/16	6/8	2	1	1/16		1/16	1		-2	70	Bb4	4	559
38	38	112	0.5	1/4	1/4	6/8	3	1	1/8		1/8	1		1	67	G4	4	570
38	38	112	0.5	1/4	1/4	6/8	2	1	1/8		1/8	1		-3	75	Eb5	5	560
38	38	225/2	0.25	3/8	3/8	6/8	3	1	1/16		1/16	1		1	67	G4	4	571
38	38	225/2	0.25	3/8	3/8	6/8	2	1	1/16		1/16	1		-3	75	Eb5	5	561
38	38	451/4	0.25	7/16	7/16	6/8	3	1	1/16		1/16	1		-3	63	Eb4	4	572
38	38	451/4	0.25	7/16	7/16	6/8	2	1	1/16		1/16	1		-2	70	Bb4	4	562
38	38	113	0.25	1/2	1/2	6/8	3	1	1/16		1/16	1		-2	58	Bb3	3	573
38	38	113	0.25	1/2	1/2	6/8	2	1	1/16		1/16	1		1	67	G4	4	563
38	38	453/4	0.25	9/16	9/16	6/8	3	1	1/16		1/16	1		1	55	G3	3	574
38	38	453/4	0.25	9/16	9/16	6/8	2	1	1/16		1/16	1		-3	63	Eb4	4	564
38	38	227/2	0.5	5/8	5/8	6/8	3	1	1/8		1/8	1		-3	51	Eb3	3	575
38	38	227/2	0.5	5/8	5/8	6/8	2	1	1/8		1/8	1		-2	58	Bb3	3	565
39	39	114	0.75	0	0	6/8	3	1	3/16		1/8	3/2		-2	46	Bb2	2	582
39	39	114	0.75	0	0	6/8	2	1	3/16		1/8	3/2		-2	70	Bb4	4	576
39	39	114	0.75	0	0	6/8	2	1	3/16		1/8	3/2		1	79	G5	5	576
39	39	114	0.75	0	0	6/8	2	1	3/16		1/8	3/2		-2	82	Bb5	5	576
39	39	459/4	0.25	3/16	3/16	6/8	3	1	1/16		1/16	1		-3	63	Eb4	4	583
39	39	459/4	0.25	3/16	3/16	6/8	3	1	1/16		1/16	1		1	67	G4	4	583
39	39	459/4	0.25	3/16	3/16	6/8	2	1	1/16		1/16	1		-3	75	Eb5	5	577
39	39	459/4	0.25	3/16	3/16	6/8	2	1	1/16		1/16	1		1	79	G5	5	577
39	39	115	0.5	1/4	1/4	6/8	3	1	1/8		1/8	1		-2	58	Bb3	3	584
39	39	115	0.5	1/4	1/4	6/8	3	1	1/8		1/8	1		-3	63	Eb4	4	584
39	39	115	0.5	1/4	1/4	6/8	2	1	1/8		1/8	1		-2	70	Bb4	4	578
39	39	115	0.5	1/4	1/4	6/8	2	1	1/8		1/8	1		-3	75	Eb5	5	578
39	39	231/2	0.5	3/8	3/8	6/8	3	1	1/8		1/8	1		1	55	G3	3	585
39	39	231/2	0.5	3/8	3/8	6/8	3	1	1/8		1/8	1		-2	58	Bb3	3	585
39	39	231/2	0.5	3/8	3/8	6/8	2	1	1/8		1/8	1		1	67	G4	4	579
39	39	231/2	0.5	3/8	3/8	6/8	2	1	1/8		1/8	1		-2	70	Bb4	4	579
39	39	116	0.5	1/2	1/2	6/8	3	1	1/8		1/8	1		-3	51	Eb3	3	586
39	39	116	0.5	1/2	1/2	6/8	3	1	1/8		1/8	1		1	55	G3	3	586
39	39	116	0.5	1/2	1/2	6/8	2	1	1/8		1/8	1		-3	63	Eb4	4	580
39	39	116	0.5	1/2	1/2	6/8	2	1	1/8		1/8	1		1	67	G4	4	580
39	39	233/2	0.5	5/8	5/8	6/8	3	1	1/8		1/8	1		-2	46	Bb2	2	587
39	39	233/2	0.5	5/8	5/8	6/8	3	1	1/8		1/8	1		-3	51	Eb3	3	587
39	39	233/2	0.5	5/8	5/8	6/8	2	1	1/8		1/8	1		-2	58	Bb3	3	581
39	39	233/2	0.5	5/8	5/8	6/8	2	1	1/8		1/8	1		-3	63	Eb4	4	581
40	40	117	1.5	0	0	6/8	3	1	3/8		1/4	3/2		-2	34	Bb1	1	590
40	40	117	1.5	0	0	6/8	3	1	3/8		1/4	3/2		-2	46	Bb2	2	590
40	40	117	1.5	0	0	6/8	2	1	3/8		1/4	3/2		-4	56	Ab3	3	588
40	40	117	1.5	0	0	6/8	2	1	3/8		1/4	3/2		2	62	D4	4	588
40	40	117	1.5	0	0	6/8	2	1	3/8		1/4	3/2		-1	65	F4	4	588
40	40	117	1.5	0	0	6/8	2	1	3/8		1/4	3/2		-2	70	Bb4	4	588
40	40	237/2	0.5	3/8	3/8	6/8	3	1	1/8		1/8	1		-3	39	Eb2	2	591
40	40	237/2	0.5	3/8	3/8	6/8	2	1	1/8		1/8	1		1	55	G3	3	589
40	40	237/2	0.5	3/8	3/8	6/8	2	1	1/8		1/8	1		-3	63	Eb4	4	589
